FechaFinFabricacion,DestinoEntregaID,Cantidad,CantidadesIndividuales,latitude,longitude,nombre_completo,FechaCaducidad,ProductoID,Nombre,PrecioVenta,Caducidad
2025-12-13,2,80,80,40.9481192,-4.1172101,Destino Segovia,2025-12-16,43,Producto43,33.04,3
2025-12-13,19,100,100,37.9923795,-1.1305431,Destino Murcia,2025-12-16,43,Producto43,33.04,3
2025-12-13,24,220,"10, 30, 50, 60, 70",38.9854201,-3.9285138,Destino Ciudad Real,2025-12-16,"43, 5, 26","Producto43, Producto5, Producto26","33.04, 64.84, 48.26",3
2025-12-13,27,40,40,40.0661031,-2.1313528,Destino Cuenca,2025-12-16,43,Producto43,33.04,3
2025-12-13,32,660,"50, 60, 40, 50, 50, 50, 90, 100, 70, 100",42.0108856,-4.5328735,Destino Palencia,2025-12-16,"43, 26, 4, 5","Producto43, Producto26, Producto4, Producto5","33.04, 48.26, 53.82, 64.84",3
2025-12-13,37,120,"20, 100",40.9651572,-5.6640182,Destino Salamanca,2025-12-16,"43, 4","Producto43, Producto4","33.04, 53.82",3
2025-12-13,39,200,"20, 10, 50, 70, 50",37.3886303,-5.9953403,Destino Sevilla,2025-12-16,"20, 26, 5, 4","Producto20, Producto26, Producto5, Producto4","98.15, 48.26, 64.84, 53.82",3
2025-12-13,40,130,"60, 70",42.3438932,-7.8571792,Destino Ourense,2025-12-16,"20, 43","Producto20, Producto43","98.15, 33.04",3
2025-12-14,40,90,90,42.3438932,-7.8571792,Destino Ourense,2025-12-20,18,Producto18,71.71,6
2025-12-14,39,110,"60, 50",37.3886303,-5.9953403,Destino Sevilla,2025-12-20,"21, 14","Producto21, Producto14","15.22, 58.11",6
2025-12-14,38,100,100,41.6521342,-0.8809428,Destino Zaragoza,2025-12-17,5,Producto5,64.84,3
2025-12-14,37,100,"70, 30",40.9651572,-5.6640182,Destino Salamanca,2025-12-20,"21, 18","Producto21, Producto18","15.22, 71.71",6
2025-12-14,35,10,10,38.9950921,-1.8559154,Destino Albacete,2025-12-17,43,Producto43,33.04,3
2025-12-14,33,40,40,43.2630018,-2.9350039,Destino Vizcaya,2025-12-20,14,Producto14,58.11,6
2025-12-14,32,240,"50, 80, 20, 90",42.0108856,-4.5328735,Destino Palencia,2025-12-20,"21, 14, 18, 9","Producto21, Producto14, Producto18, Producto9","15.22, 58.11, 71.71, 76.82",6
2025-12-14,23,100,"90, 10",39.4697065,-0.3763353,Destino Valencia,2025-12-17,"43, 20","Producto43, Producto20","33.04, 98.15",3
2025-12-14,24,90,"80, 10",38.9854201,-3.9285138,Destino Ciudad Real,2025-12-20,"9, 14","Producto9, Producto14","76.82, 58.11",6
2025-12-14,17,170,"10, 60, 50, 50",40.3436719,-1.1081939,Destino Teruel,2025-12-17,"5, 26, 20","Producto5, Producto26, Producto20","64.84, 48.26, 98.15",3
2025-12-14,14,40,40,42.9418896,-2.2352256,Destino Guipúzcoa,2025-12-17,5,Producto5,64.84,3
2025-12-14,13,100,"10, 80, 10",41.5056332,-5.744755,Destino Zamora,2025-12-17,"4, 20, 26","Producto4, Producto20, Producto26","53.82, 98.15, 48.26",3
2025-12-14,11,210,"80, 30, 10, 90",40.6326979,-3.1646067,Destino Guadalajara,2025-12-17,"5, 20, 43","Producto5, Producto20, Producto43","64.84, 98.15, 33.04",3
2025-12-14,9,80,"40, 40",42.343926,-3.696977,Destino Burgos,2025-12-17,"5, 4","Producto5, Producto4","64.84, 53.82",3
2025-12-14,8,110,"80, 30",41.6147605,0.6267842,Destino Lleida,2025-12-20,9,Producto9,76.82,6
2025-12-14,2,110,"30, 10, 30, 40",40.9481192,-4.1172101,Destino Segovia,2025-12-17,"43, 21, 20","Producto43, Producto21, Producto20","33.04, 15.22, 98.15","3, 6"
2025-12-14,19,70,"60, 10",37.9923795,-1.1305431,Destino Murcia,2025-12-20,"21, 14","Producto21, Producto14","15.22, 58.11",6
2025-12-15,27,210,"20, 100, 90",40.0661031,-2.1313528,Destino Cuenca,2025-12-24,"38, 37","Producto38, Producto37","41.61, 55.4",9
2025-12-15,28,120,"80, 40",40.416782,-3.703507,Destino Madrid,2025-12-18,"43, 5","Producto43, Producto5","33.04, 64.84",3
2025-12-15,29,220,"30, 100, 90",42.9913123,-7.5908294,Destino Lugo,2025-12-18,"26, 4","Producto26, Producto4","48.26, 53.82",3
2025-12-15,30,140,"90, 50",42.4661196,-2.4396676,Destino La Rioja,2025-12-18,"26, 5","Producto26, Producto5","48.26, 64.84",3
2025-12-15,32,740,"90, 40, 80, 30, 70, 40, 70, 80, 50, 40, 60, 90",42.0108856,-4.5328735,Destino Palencia,2025-12-18,"20, 4, 43, 37, 48, 5, 1, 50","Producto20, Producto4, Producto43, Producto37, Producto48, Producto5, Producto1, Producto50","98.15, 53.82, 33.04, 55.4, 52.82, 64.84, 45.84, 14.33","3, 9"
2025-12-15,38,350,"20, 80, 50, 100, 100",41.6521342,-0.8809428,Destino Zaragoza,2025-12-18,"26, 5, 43, 9","Producto26, Producto5, Producto43, Producto9","48.26, 64.84, 33.04, 76.82","3, 6"
2025-12-15,34,110,"40, 70",42.1382539,-0.4080901,Destino Huesca,2025-12-18,"43, 26","Producto43, Producto26","33.04, 48.26",3
2025-12-15,37,40,"10, 30",40.9651572,-5.6640182,Destino Salamanca,2025-12-24,"50, 37","Producto50, Producto37","14.33, 55.4",9
2025-12-15,40,60,60,42.3438932,-7.8571792,Destino Ourense,2025-12-24,1,Producto1,45.84,9
2025-12-15,33,210,"60, 70, 30, 50",43.2630018,-2.9350039,Destino Vizcaya,2025-12-24,"37, 1, 38, 48","Producto37, Producto1, Producto38, Producto48","55.4, 45.84, 41.61, 52.82",9
2025-12-15,25,60,"30, 30",41.3825802,2.177073,Destino Barcelona,2025-12-18,"4, 43","Producto4, Producto43","53.82, 33.04",3
2025-12-15,39,200,"60, 40, 10, 10, 80",37.3886303,-5.9953403,Destino Sevilla,2025-12-18,"20, 43, 5","Producto20, Producto43, Producto5","98.15, 33.04, 64.84",3
2025-12-15,23,70,"30, 40",39.4697065,-0.3763353,Destino Valencia,2025-12-21,21,Producto21,15.22,6
2025-12-15,19,410,"10, 20, 50, 10, 80, 90, 30, 30, 90",37.9923795,-1.1305431,Destino Murcia,2025-12-18,"1, 37, 4, 43, 5","Producto1, Producto37, Producto4, Producto43, Producto5","45.84, 55.4, 53.82, 33.04, 64.84","9, 3"
2025-12-15,17,90,"70, 20",40.3436719,-1.1081939,Destino Teruel,2025-12-21,"9, 14","Producto9, Producto14","76.82, 58.11",6
2025-12-15,14,340,"70, 100, 80, 50, 10, 30",42.9418896,-2.2352256,Destino Guipúzcoa,2025-12-18,"43, 20, 21, 9","Producto43, Producto20, Producto21, Producto9","33.04, 98.15, 15.22, 76.82","3, 6"
2025-12-15,13,90,90,41.5056332,-5.744755,Destino Zamora,2025-12-18,4,Producto4,53.82,3
2025-12-15,11,60,"50, 10",40.6326979,-3.1646067,Destino Guadalajara,2025-12-21,"14, 9","Producto14, Producto9","58.11, 76.82",6
2025-12-15,9,240,"70, 40, 90, 40",42.343926,-3.696977,Destino Burgos,2025-12-18,"18, 21, 26","Producto18, Producto21, Producto26","71.71, 15.22, 48.26","6, 3"
2025-12-15,8,120,"20, 70, 30",41.6147605,0.6267842,Destino Lleida,2025-12-18,"5, 1","Producto5, Producto1","64.84, 45.84","3, 9"
2025-12-15,7,260,"80, 30, 90, 60",37.8845813,-4.7760138,Destino Córdoba,2025-12-18,"43, 4, 26","Producto43, Producto4, Producto26","33.04, 53.82, 48.26",3
2025-12-15,24,120,"100, 20",38.9854201,-3.9285138,Destino Ciudad Real,2025-12-24,"50, 37","Producto50, Producto37","14.33, 55.4",9
2025-12-15,2,200,"30, 70, 60, 40",40.9481192,-4.1172101,Destino Segovia,2025-12-21,"9, 50, 37, 14","Producto9, Producto50, Producto37, Producto14","76.82, 14.33, 55.4, 58.11","6, 9"
2025-12-16,28,230,"60, 100, 70",40.416782,-3.703507,Destino Madrid,2025-12-22,"14, 9, 18","Producto14, Producto9, Producto18","58.11, 76.82, 71.71",6
2025-12-16,29,90,"20, 40, 30",42.9913123,-7.5908294,Destino Lugo,2025-12-19,"4, 21, 9","Producto4, Producto21, Producto9","53.82, 15.22, 76.82","3, 6"
2025-12-16,30,110,"30, 80",42.4661196,-2.4396676,Destino La Rioja,2025-12-22,21,Producto21,15.22,6
2025-12-16,32,450,"10, 100, 100, 80, 20, 40, 20, 10, 20, 50",42.0108856,-4.5328735,Destino Palencia,2025-12-22,"18, 9, 15, 28, 7","Producto18, Producto9, Producto15, Producto28, Producto7","71.71, 76.82, 94.12, 24.6, 49.53","6, 12"
2025-12-16,33,160,"30, 40, 90",43.2630018,-2.9350039,Destino Vizcaya,2025-12-19,"4, 26","Producto4, Producto26","53.82, 48.26",3
2025-12-16,38,290,"80, 20, 90, 100",41.6521342,-0.8809428,Destino Zaragoza,2025-12-22,"9, 14, 37","Producto9, Producto14, Producto37","76.82, 58.11, 55.4","6, 9"
2025-12-16,35,440,"50, 80, 50, 80, 70, 30, 80",38.9950921,-1.8559154,Destino Albacete,2025-12-19,"4, 38, 48, 43, 5","Producto4, Producto38, Producto48, Producto43, Producto5","53.82, 41.61, 52.82, 33.04, 64.84","3, 9"
2025-12-16,36,210,"90, 30, 90",36.8414197,-2.4628135,Destino Almería,2025-12-19,"5, 20, 26","Producto5, Producto20, Producto26","64.84, 98.15, 48.26",3
2025-12-16,37,200,"60, 60, 80",40.9651572,-5.6640182,Destino Salamanca,2025-12-28,"7, 28, 15","Producto7, Producto28, Producto15","49.53, 24.6, 94.12",12
2025-12-16,25,50,50,41.3825802,2.177073,Destino Barcelona,2025-12-22,14,Producto14,58.11,6
2025-12-16,39,390,"30, 10, 30, 70, 70, 40, 60, 80",37.3886303,-5.9953403,Destino Sevilla,2025-12-22,"21, 18, 14, 9, 7, 28, 8, 15","Producto21, Producto18, Producto14, Producto9, Producto7, Producto28, Producto8, Producto15","15.22, 71.71, 58.11, 76.82, 49.53, 24.6, 66.37, 94.12","6, 12"
2025-12-16,40,250,"100, 90, 60",42.3438932,-7.8571792,Destino Ourense,2025-12-28,"28, 15, 8","Producto28, Producto15, Producto8","24.6, 94.12, 66.37",12
2025-12-16,34,90,"50, 40",42.1382539,-0.4080901,Destino Huesca,2025-12-22,14,Producto14,58.11,6
2025-12-16,24,310,"100, 70, 40, 80, 20",38.9854201,-3.9285138,Destino Ciudad Real,2025-12-28,"28, 16, 8, 15","Producto28, Producto16, Producto8, Producto15","24.6, 31.55, 66.37, 94.12",12
2025-12-16,27,150,"40, 10, 20, 10, 70",40.0661031,-2.1313528,Destino Cuenca,2025-12-28,"7, 28, 8, 40","Producto7, Producto28, Producto8, Producto40","49.53, 24.6, 66.37, 95.77",12
2025-12-16,22,200,"30, 70, 100",40.656478,-4.7002172,Destino Ávila,2025-12-19,"43, 4","Producto43, Producto4","33.04, 53.82",3
2025-12-16,23,170,"80, 60, 30",39.4697065,-0.3763353,Destino Valencia,2025-12-19,"43, 5","Producto43, Producto5","33.04, 64.84",3
2025-12-16,2,640,"90, 80, 100, 100, 80, 20, 90, 80",40.9481192,-4.1172101,Destino Segovia,2025-12-25,"1, 38, 40, 8, 16, 37","Producto1, Producto38, Producto40, Producto8, Producto16, Producto37","45.84, 41.61, 95.77, 66.37, 31.55, 55.4","9, 12"
2025-12-16,5,130,"30, 100",41.9793006,2.8199439,Destino Girona,2025-12-19,5,Producto5,64.84,3
2025-12-16,7,120,"40, 20, 60",37.8845813,-4.7760138,Destino Córdoba,2025-12-19,"4, 14","Producto4, Producto14","53.82, 58.11","3, 6"
2025-12-16,9,300,"40, 70, 40, 50, 10, 90",42.343926,-3.696977,Destino Burgos,2025-12-22,"1, 48, 50, 37, 18","Producto1, Producto48, Producto50, Producto37, Producto18","45.84, 52.82, 14.33, 55.4, 71.71","9, 6"
2025-12-16,11,170,"10, 80, 20, 60",40.6326979,-3.1646067,Destino Guadalajara,2025-12-25,"38, 1, 50","Producto38, Producto1, Producto50","41.61, 45.84, 14.33",9
2025-12-16,8,590,"60, 90, 90, 60, 70, 100, 30, 10, 30, 50",41.6147605,0.6267842,Destino Lleida,2025-12-19,"4, 5, 9, 43, 26, 16, 8","Producto4, Producto5, Producto9, Producto43, Producto26, Producto16, Producto8","53.82, 64.84, 76.82, 33.04, 48.26, 31.55, 66.37","3, 6, 12"
2025-12-16,13,400,"90, 30, 40, 100, 40, 100",41.5056332,-5.744755,Destino Zamora,2025-12-19,"26, 9, 21, 37","Producto26, Producto9, Producto21, Producto37","48.26, 76.82, 15.22, 55.4","3, 6, 9"
2025-12-16,14,440,"50, 30, 50, 70, 20, 80, 40, 10, 90",42.9418896,-2.2352256,Destino Guipúzcoa,2025-12-19,"9, 43, 5, 1, 38","Producto9, Producto43, Producto5, Producto1, Producto38","76.82, 33.04, 64.84, 45.84, 41.61","6, 3, 9"
2025-12-16,15,400,"50, 20, 100, 50, 60, 80, 40",38.878187,-6.9701115,Destino Badajoz,2025-12-19,"5, 20, 4, 43, 26","Producto5, Producto20, Producto4, Producto43, Producto26","64.84, 98.15, 53.82, 33.04, 48.26",3
2025-12-16,16,70,70,42.5535011,-2.5850848,Destino Navarra,2025-12-22,9,Producto9,76.82,6
2025-12-16,17,280,"50, 30, 10, 50, 80, 60",40.3436719,-1.1081939,Destino Teruel,2025-12-19,"43, 4, 20, 37, 1","Producto43, Producto4, Producto20, Producto37, Producto1","33.04, 53.82, 98.15, 55.4, 45.84","3, 9"
2025-12-16,19,200,"90, 40, 70",37.9923795,-1.1305431,Destino Murcia,2025-12-22,"28, 14, 9","Producto28, Producto14, Producto9","24.6, 58.11, 76.82","12, 6"
2025-12-16,12,40,40,41.1172364,1.2546057,Destino Tarragona,2025-12-19,5,Producto5,64.84,3
2025-12-17,32,790,"20, 20, 70, 90, 20, 80, 70, 20, 90, 70, 60, 70, 50, 60",42.0108856,-4.5328735,Destino Palencia,2025-12-20,"38, 50, 36, 1, 37, 48, 43, 26, 5","Producto38, Producto50, Producto36, Producto1, Producto37, Producto48, Producto43, Producto26, Producto5","41.61, 14.33, 36.98, 45.84, 55.4, 52.82, 33.04, 48.26, 64.84","9, 15, 3"
2025-12-17,25,290,"90, 40, 60, 100",41.3825802,2.177073,Destino Barcelona,2025-12-23,"14, 37","Producto14, Producto37","58.11, 55.4","6, 9"
2025-12-17,27,340,"100, 20, 60, 60, 100",40.0661031,-2.1313528,Destino Cuenca,2025-12-20,"26, 5, 25, 46","Producto26, Producto5, Producto25, Producto46","48.26, 64.84, 40.69, 85.8","3, 15"
2025-12-17,28,170,"50, 10, 20, 90",40.416782,-3.703507,Destino Madrid,2025-12-23,"1, 50, 37, 9","Producto1, Producto50, Producto37, Producto9","45.84, 14.33, 55.4, 76.82","9, 6"
2025-12-17,29,260,"20, 80, 80, 80",42.9913123,-7.5908294,Destino Lugo,2025-12-23,"14, 48, 1","Producto14, Producto48, Producto1","58.11, 52.82, 45.84","6, 9"
2025-12-17,30,230,"60, 90, 80",42.4661196,-2.4396676,Destino La Rioja,2025-12-26,"50, 37","Producto50, Producto37","14.33, 55.4",9
2025-12-17,33,210,"50, 20, 10, 10, 30, 10, 50, 10, 20",43.2630018,-2.9350039,Destino Vizcaya,2025-12-20,"25, 12, 10, 36, 14, 18, 26, 5","Producto25, Producto12, Producto10, Producto36, Producto14, Producto18, Producto26, Producto5","40.69, 13.74, 18.03, 36.98, 58.11, 71.71, 48.26, 64.84","15, 6, 3"
2025-12-17,40,90,"20, 70",42.3438932,-7.8571792,Destino Ourense,2026-01-01,"46, 10","Producto46, Producto10","85.8, 18.03",15
2025-12-17,35,190,"80, 30, 80",38.9950921,-1.8559154,Destino Albacete,2025-12-23,"14, 16, 8","Producto14, Producto16, Producto8","58.11, 31.55, 66.37","6, 12"
2025-12-17,36,90,"40, 30, 20",36.8414197,-2.4628135,Destino Almería,2025-12-23,"9, 14","Producto9, Producto14","76.82, 58.11",6
2025-12-17,37,60,60,40.9651572,-5.6640182,Destino Salamanca,2025-12-20,5,Producto5,64.84,3
2025-12-17,38,190,"70, 40, 10, 70",41.6521342,-0.8809428,Destino Zaragoza,2025-12-26,"50, 1","Producto50, Producto1","14.33, 45.84",9
2025-12-17,39,470,"100, 10, 100, 50, 70, 40, 100",37.3886303,-5.9953403,Destino Sevilla,2025-12-23,"48, 1, 38, 25, 18","Producto48, Producto1, Producto38, Producto25, Producto18","52.82, 45.84, 41.61, 40.69, 71.71","9, 15, 6"
2025-12-17,24,10,10,38.9854201,-3.9285138,Destino Ciudad Real,2026-01-01,46,Producto46,85.8,15
2025-12-17,34,20,"10, 10",42.1382539,-0.4080901,Destino Huesca,2025-12-20,"1, 20","Producto1, Producto20","45.84, 98.15","9, 3"
2025-12-17,22,300,"100, 100, 10, 60, 30",40.656478,-4.7002172,Destino Ávila,2025-12-20,"9, 21, 4, 5","Producto9, Producto21, Producto4, Producto5","76.82, 15.22, 53.82, 64.84","6, 3"
2025-12-17,23,230,"90, 50, 90",39.4697065,-0.3763353,Destino Valencia,2025-12-29,"28, 15, 16","Producto28, Producto15, Producto16","24.6, 94.12, 31.55",12
2025-12-17,1,130,"20, 60, 50",39.9860347,-0.0377354,Destino Castellón,2025-12-20,"5, 26, 4","Producto5, Producto26, Producto4","64.84, 48.26, 53.82",3
2025-12-17,19,400,"80, 40, 90, 50, 90, 50",37.9923795,-1.1305431,Destino Murcia,2025-12-26,"25, 36, 37, 48","Producto25, Producto36, Producto37, Producto48","40.69, 36.98, 55.4, 52.82","15, 9"
2025-12-17,2,370,"90, 60, 20, 100, 100",40.9481192,-4.1172101,Destino Segovia,2025-12-29,"36, 12, 25, 28, 7","Producto36, Producto12, Producto25, Producto28, Producto7","36.98, 13.74, 40.69, 24.6, 49.53","15, 12"
2025-12-17,3,50,50,41.6521807,-4.728605,Destino Valladolid,2025-12-20,5,Producto5,64.84,3
2025-12-17,5,130,"30, 20, 30, 50",41.9793006,2.8199439,Destino Girona,2025-12-20,"14, 43, 20","Producto14, Producto43, Producto20","58.11, 33.04, 98.15","6, 3"
2025-12-17,7,470,"100, 10, 20, 50, 10, 70, 90, 10, 60, 50",37.8845813,-4.7760138,Destino Córdoba,2025-12-23,"18, 37, 48, 9, 50, 1","Producto18, Producto37, Producto48, Producto9, Producto50, Producto1","71.71, 55.4, 52.82, 76.82, 14.33, 45.84","6, 9"
2025-12-17,8,330,"30, 20, 20, 40, 80, 50, 80, 10",41.6147605,0.6267842,Destino Lleida,2025-12-23,"37, 48, 21, 14, 18, 25, 46","Producto37, Producto48, Producto21, Producto14, Producto18, Producto25, Producto46","55.4, 52.82, 15.22, 58.11, 71.71, 40.69, 85.8","9, 6, 15"
2025-12-17,9,390,"90, 40, 70, 100, 70, 20",42.343926,-3.696977,Destino Burgos,2025-12-20,"8, 20, 48, 38, 50","Producto8, Producto20, Producto48, Producto38, Producto50","66.37, 98.15, 52.82, 41.61, 14.33","12, 3, 9"
2025-12-17,6,230,"60, 60, 60, 10, 40",41.7633842,-2.4642041,Destino Soria,2025-12-20,"26, 20","Producto26, Producto20","48.26, 98.15",3
2025-12-17,12,220,"50, 70, 100",41.1172364,1.2546057,Destino Tarragona,2025-12-23,"9, 21","Producto9, Producto21","76.82, 15.22",6
2025-12-17,13,600,"100, 10, 30, 80, 80, 30, 10, 90, 20, 70, 20, 50, 10",41.5056332,-5.744755,Destino Zamora,2025-12-23,"18, 38, 48, 37, 1, 50, 28, 7, 40, 15","Producto18, Producto38, Producto48, Producto37, Producto1, Producto50, Producto28, Producto7, Producto40, Producto15","71.71, 41.61, 52.82, 55.4, 45.84, 14.33, 24.6, 49.53, 95.77, 94.12","6, 9, 12"
2025-12-17,14,260,"90, 100, 60, 10",42.9418896,-2.2352256,Destino Guipúzcoa,2025-12-26,"37, 38, 7, 40","Producto37, Producto38, Producto7, Producto40","55.4, 41.61, 49.53, 95.77","9, 12"
2025-12-17,15,670,"20, 90, 80, 90, 30, 70, 70, 20, 30, 60, 40, 70",38.878187,-6.9701115,Destino Badajoz,2025-12-20,"14, 5, 43, 18, 4","Producto14, Producto5, Producto43, Producto18, Producto4","58.11, 64.84, 33.04, 71.71, 53.82","6, 3"
2025-12-17,16,600,"50, 20, 70, 10, 100, 90, 50, 30, 90, 90",42.5535011,-2.5850848,Destino Navarra,2025-12-20,"5, 26, 43, 20, 4, 1","Producto5, Producto26, Producto43, Producto20, Producto4, Producto1","64.84, 48.26, 33.04, 98.15, 53.82, 45.84","3, 9"
2025-12-17,17,650,"100, 80, 30, 40, 10, 30, 10, 60, 10, 40, 60, 100, 10, 40, 30",40.3436719,-1.1081939,Destino Teruel,2025-12-20,"26, 5, 43, 4, 20, 21, 18, 9, 16, 28, 8","Producto26, Producto5, Producto43, Producto4, Producto20, Producto21, Producto18, Producto9, Producto16, Producto28, Producto8","48.26, 64.84, 33.04, 53.82, 98.15, 15.22, 71.71, 76.82, 31.55, 24.6, 66.37","3, 6, 12"
2025-12-17,11,170,"10, 10, 50, 20, 80",40.6326979,-3.1646067,Destino Guadalajara,2025-12-29,"28, 40, 8, 16, 15","Producto28, Producto40, Producto8, Producto16, Producto15","24.6, 95.77, 66.37, 31.55, 94.12",12
2025-12-18,32,550,"20, 50, 20, 100, 100, 80, 80, 20, 80",42.0108856,-4.5328735,Destino Palencia,2025-12-24,"16, 28, 32, 23, 18, 41, 6","Producto16, Producto28, Producto32, Producto23, Producto18, Producto41, Producto6","31.55, 24.6, 50.83, 22.06, 71.71, 81.12, 85.57","12, 18, 6"
2025-12-18,25,220,"10, 10, 90, 90, 20",41.3825802,2.177073,Destino Barcelona,2025-12-27,"38, 37, 48, 40","Producto38, Producto37, Producto48, Producto40","41.61, 55.4, 52.82, 95.77","9, 12"
2025-12-18,27,150,"60, 90",40.0661031,-2.1313528,Destino Cuenca,2025-12-24,"21, 18","Producto21, Producto18","15.22, 71.71",6
2025-12-18,28,290,"60, 80, 20, 90, 40",40.416782,-3.703507,Destino Madrid,2025-12-27,"40, 8, 38, 37","Producto40, Producto8, Producto38, Producto37","95.77, 66.37, 41.61, 55.4","12, 9"
2025-12-18,29,210,"40, 60, 80, 30",42.9913123,-7.5908294,Destino Lugo,2025-12-27,"48, 37, 7, 15","Producto48, Producto37, Producto7, Producto15","52.82, 55.4, 49.53, 94.12","9, 12"
2025-12-18,30,80,"30, 50",42.4661196,-2.4396676,Destino La Rioja,2025-12-30,16,Producto16,31.55,12
2025-12-18,33,160,"40, 40, 40, 40",43.2630018,-2.9350039,Destino Vizcaya,2025-12-24,"35, 41, 38, 18","Producto35, Producto41, Producto38, Producto18","83.82, 81.12, 41.61, 71.71","18, 9, 6"
2025-12-18,36,270,"60, 10, 60, 20, 80, 40",36.8414197,-2.4628135,Destino Almería,2025-12-27,"37, 50, 38, 1","Producto37, Producto50, Producto38, Producto1","55.4, 14.33, 41.61, 45.84",9
2025-12-18,35,1010,"10, 60, 10, 70, 60, 90, 60, 90, 60, 60, 90, 70, 40, 80, 70, 70, 20",38.9950921,-1.8559154,Destino Albacete,2025-12-27,"38, 48, 1, 50, 37, 46, 25","Producto38, Producto48, Producto1, Producto50, Producto37, Producto46, Producto25","41.61, 52.82, 45.84, 14.33, 55.4, 85.8, 40.69","9, 15"
2025-12-18,37,100,"50, 50",40.9651572,-5.6640182,Destino Salamanca,2025-12-24,"21, 6","Producto21, Producto6","15.22, 85.57","6, 18"
2025-12-18,38,410,"10, 30, 10, 70, 40, 80, 80, 90",41.6521342,-0.8809428,Destino Zaragoza,2025-12-30,"8, 15, 28, 16, 25, 36, 46","Producto8, Producto15, Producto28, Producto16, Producto25, Producto36, Producto46","66.37, 94.12, 24.6, 31.55, 40.69, 36.98, 85.8","12, 15"
2025-12-18,39,590,"30, 70, 40, 70, 100, 80, 20, 90, 90",37.3886303,-5.9953403,Destino Sevilla,2025-12-27,"16, 28, 7, 8, 41, 45, 1, 50","Producto16, Producto28, Producto7, Producto8, Producto41, Producto45, Producto1, Producto50","31.55, 24.6, 49.53, 66.37, 81.12, 86.39, 45.84, 14.33","12, 18, 9"
2025-12-18,40,260,"100, 80, 20, 50, 10",42.3438932,-7.8571792,Destino Ourense,2026-01-05,"45, 41, 35, 6","Producto45, Producto41, Producto35, Producto6","86.39, 81.12, 83.82, 85.57",18
2025-12-18,24,30,30,38.9854201,-3.9285138,Destino Ciudad Real,2026-01-05,6,Producto6,85.57,18
2025-12-18,34,50,"30, 20",42.1382539,-0.4080901,Destino Huesca,2025-12-24,"40, 21","Producto40, Producto21","95.77, 15.22","12, 6"
2025-12-18,23,20,20,39.4697065,-0.3763353,Destino Valencia,2025-12-27,38,Producto38,41.61,9
2025-12-18,22,100,"60, 40",40.656478,-4.7002172,Destino Ávila,2025-12-24,14,Producto14,58.11,6
2025-12-18,19,530,"100, 70, 60, 40, 70, 80, 70, 40",37.9923795,-1.1305431,Destino Murcia,2025-12-30,"32, 23, 35, 8, 7","Producto32, Producto23, Producto35, Producto8, Producto7","50.83, 22.06, 83.82, 66.37, 49.53","18, 12"
2025-12-18,2,480,"60, 30, 80, 90, 50, 90, 80",40.9481192,-4.1172101,Destino Segovia,2026-01-02,"12, 25, 6, 45, 35, 36","Producto12, Producto25, Producto6, Producto45, Producto35, Producto36","13.74, 40.69, 85.57, 86.39, 83.82, 36.98","15, 18"
2025-12-18,5,90,"40, 50",41.9793006,2.8199439,Destino Girona,2025-12-24,"50, 18","Producto50, Producto18","14.33, 71.71","9, 6"
2025-12-18,6,210,"40, 30, 60, 20, 10, 50",41.7633842,-2.4642041,Destino Soria,2025-12-24,"9, 14, 18","Producto9, Producto14, Producto18","76.82, 58.11, 71.71",6
2025-12-18,7,740,"50, 10, 30, 80, 10, 10, 70, 60, 30, 70, 90, 60, 80, 90",37.8845813,-4.7760138,Destino Córdoba,2025-12-24,"18, 21, 38, 50, 37, 1, 48, 7","Producto18, Producto21, Producto38, Producto50, Producto37, Producto1, Producto48, Producto7","71.71, 15.22, 41.61, 14.33, 55.4, 45.84, 52.82, 49.53","6, 9, 12"
2025-12-18,8,620,"70, 80, 60, 40, 90, 10, 60, 70, 60, 80",41.6147605,0.6267842,Destino Lleida,2025-12-27,"28, 8, 7, 50, 32, 35, 6, 41","Producto28, Producto8, Producto7, Producto50, Producto32, Producto35, Producto6, Producto41","24.6, 66.37, 49.53, 14.33, 50.83, 83.82, 85.57, 81.12","12, 9, 18"
2025-12-18,9,240,"40, 10, 10, 50, 70, 60",42.343926,-3.696977,Destino Burgos,2025-12-30,"40, 28, 15","Producto40, Producto28, Producto15","95.77, 24.6, 94.12",12
2025-12-18,1,400,"40, 100, 60, 100, 100",39.9860347,-0.0377354,Destino Castellón,2025-12-24,"21, 14, 18","Producto21, Producto14, Producto18","15.22, 58.11, 71.71",6
2025-12-18,12,330,"40, 90, 80, 30, 90",41.1172364,1.2546057,Destino Tarragona,2025-12-27,"1, 38, 16, 15","Producto1, Producto38, Producto16, Producto15","45.84, 41.61, 31.55, 94.12","9, 12"
2025-12-18,13,540,"60, 50, 90, 70, 50, 30, 60, 20, 90, 20",41.5056332,-5.744755,Destino Zamora,2025-12-24,"21, 1, 37, 48, 8, 7, 10, 25","Producto21, Producto1, Producto37, Producto48, Producto8, Producto7, Producto10, Producto25","15.22, 45.84, 55.4, 52.82, 66.37, 49.53, 18.03, 40.69","6, 9, 12, 15"
2025-12-18,14,280,"40, 80, 50, 20, 90",42.9418896,-2.2352256,Destino Guipúzcoa,2025-12-27,"16, 28, 8, 48","Producto16, Producto28, Producto8, Producto48","31.55, 24.6, 66.37, 52.82","12, 9"
2025-12-18,15,380,"90, 80, 80, 40, 70, 20",38.878187,-6.9701115,Destino Badajoz,2025-12-24,"21, 18, 38, 1, 37","Producto21, Producto18, Producto38, Producto1, Producto37","15.22, 71.71, 41.61, 45.84, 55.4","6, 9"
2025-12-18,16,530,"40, 50, 20, 90, 40, 70, 100, 50, 70",42.5535011,-2.5850848,Destino Navarra,2025-12-24,"18, 9, 28, 15, 7, 40, 16","Producto18, Producto9, Producto28, Producto15, Producto7, Producto40, Producto16","71.71, 76.82, 24.6, 94.12, 49.53, 95.77, 31.55","6, 12"
2025-12-18,17,510,"100, 80, 10, 70, 20, 30, 30, 40, 90, 40",40.3436719,-1.1081939,Destino Teruel,2025-12-24,"21, 14, 48, 1, 12, 36, 25","Producto21, Producto14, Producto48, Producto1, Producto12, Producto36, Producto25","15.22, 58.11, 52.82, 45.84, 13.74, 36.98, 40.69","6, 9, 15"
2025-12-18,11,150,"70, 80",40.6326979,-3.1646067,Destino Guadalajara,2026-01-02,"12, 25","Producto12, Producto25","13.74, 40.69",15
2025-12-19,25,180,"30, 40, 20, 20, 50, 20",41.3825802,2.177073,Destino Barcelona,2025-12-31,"8, 16, 10, 36","Producto8, Producto16, Producto10, Producto36","66.37, 31.55, 18.03, 36.98","12, 15"
2025-12-19,27,350,"20, 60, 80, 40, 20, 50, 80",40.0661031,-2.1313528,Destino Cuenca,2025-12-28,"37, 19, 24, 30, 3","Producto37, Producto19, Producto24, Producto30, Producto3","55.4, 29.87, 53.39, 16.56, 74.19","9, 21"
2025-12-19,28,90,90,40.416782,-3.703507,Destino Madrid,2025-12-31,7,Producto7,49.53,12
2025-12-19,29,270,"90, 80, 30, 70",42.9913123,-7.5908294,Destino Lugo,2025-12-31,"40, 28, 36","Producto40, Producto28, Producto36","95.77, 24.6, 36.98","12, 15"
2025-12-19,30,70,"60, 10",42.4661196,-2.4396676,Destino La Rioja,2026-01-03,"12, 36","Producto12, Producto36","13.74, 36.98",15
2025-12-19,32,540,"90, 10, 90, 60, 90, 60, 60, 40, 40",42.0108856,-4.5328735,Destino Palencia,2026-01-03,"25, 19, 24, 44, 11, 10","Producto25, Producto19, Producto24, Producto44, Producto11, Producto10","40.69, 29.87, 53.39, 17.32, 30.66, 18.03","15, 21"
2025-12-19,33,500,"10, 60, 30, 50, 90, 50, 30, 10, 10, 90, 10, 60",43.2630018,-2.9350039,Destino Vizcaya,2025-12-28,"3, 11, 30, 24, 49, 19, 15, 37, 1, 38, 50","Producto3, Producto11, Producto30, Producto24, Producto49, Producto19, Producto15, Producto37, Producto1, Producto38, Producto50","74.19, 30.66, 16.56, 53.39, 58.45, 29.87, 94.12, 55.4, 45.84, 41.61, 14.33","21, 12, 9"
2025-12-19,36,260,"70, 80, 10, 100",36.8414197,-2.4628135,Destino Almería,2025-12-31,"40, 8, 15","Producto40, Producto8, Producto15","95.77, 66.37, 94.12",12
2025-12-19,35,550,"30, 40, 80, 100, 20, 80, 90, 20, 10, 80",38.9950921,-1.8559154,Destino Albacete,2025-12-31,"40, 15, 16, 41, 35, 23, 28, 7","Producto40, Producto15, Producto16, Producto41, Producto35, Producto23, Producto28, Producto7","95.77, 94.12, 31.55, 81.12, 83.82, 22.06, 24.6, 49.53","12, 18"
2025-12-19,37,380,"70, 10, 50, 90, 90, 70",40.9651572,-5.6640182,Destino Salamanca,2025-12-28,"48, 1, 3, 44, 49","Producto48, Producto1, Producto3, Producto44, Producto49","52.82, 45.84, 74.19, 17.32, 58.45","9, 21"
2025-12-19,38,270,"80, 70, 70, 30, 20",41.6521342,-0.8809428,Destino Zaragoza,2026-01-03,"36, 12, 46, 23","Producto36, Producto12, Producto46, Producto23","36.98, 13.74, 85.8, 22.06","15, 18"
2025-12-19,39,460,"40, 30, 100, 100, 10, 80, 100",37.3886303,-5.9953403,Destino Sevilla,2025-12-31,"25, 12, 3, 30, 7","Producto25, Producto12, Producto3, Producto30, Producto7","40.69, 13.74, 74.19, 16.56, 49.53","15, 21, 12"
2025-12-19,24,90,90,38.9854201,-3.9285138,Destino Ciudad Real,2026-01-09,44,Producto44,17.32,21
2025-12-19,40,230,"100, 40, 90",42.3438932,-7.8571792,Destino Ourense,2026-01-09,"11, 47, 24","Producto11, Producto47, Producto24","30.66, 47.14, 53.39",21
2025-12-19,34,460,"90, 60, 20, 30, 100, 90, 40, 30",42.1382539,-0.4080901,Destino Huesca,2025-12-28,"25, 46, 36, 38, 50, 37","Producto25, Producto46, Producto36, Producto38, Producto50, Producto37","40.69, 85.8, 36.98, 41.61, 14.33, 55.4","15, 9"
2025-12-19,23,420,"50, 40, 20, 60, 70, 90, 90",39.4697065,-0.3763353,Destino Valencia,2025-12-31,"41, 23, 45, 35, 7, 28","Producto41, Producto23, Producto45, Producto35, Producto7, Producto28","81.12, 22.06, 86.39, 83.82, 49.53, 24.6","18, 12"
2025-12-19,1,210,"50, 80, 50, 20, 10",39.9860347,-0.0377354,Destino Castellón,2025-12-28,"50, 1, 38, 37, 48","Producto50, Producto1, Producto38, Producto37, Producto48","14.33, 45.84, 41.61, 55.4, 52.82",9
2025-12-19,19,450,"90, 80, 90, 30, 90, 40, 30",37.9923795,-1.1305431,Destino Murcia,2026-01-03,"30, 46, 25, 36","Producto30, Producto46, Producto25, Producto36","16.56, 85.8, 40.69, 36.98","21, 15"
2025-12-19,2,870,"70, 20, 60, 70, 90, 70, 100, 30, 40, 100, 100, 40, 80",40.9481192,-4.1172101,Destino Segovia,2026-01-06,"6, 41, 45, 19, 30, 24, 32, 23","Producto6, Producto41, Producto45, Producto19, Producto30, Producto24, Producto32, Producto23","85.57, 81.12, 86.39, 29.87, 16.56, 53.39, 50.83, 22.06","18, 21"
2025-12-19,3,60,60,41.6521807,-4.728605,Destino Valladolid,2025-12-28,50,Producto50,14.33,9
2025-12-19,5,660,"40, 90, 100, 100, 30, 10, 10, 20, 90, 20, 70, 80",41.9793006,2.8199439,Destino Girona,2025-12-28,"16, 15, 40, 7, 28, 1, 48, 50","Producto16, Producto15, Producto40, Producto7, Producto28, Producto1, Producto48, Producto50","31.55, 94.12, 95.77, 49.53, 24.6, 45.84, 52.82, 14.33","12, 9"
2025-12-19,22,180,"30, 10, 60, 80",40.656478,-4.7002172,Destino Ávila,2025-12-28,"15, 7, 50, 37","Producto15, Producto7, Producto50, Producto37","94.12, 49.53, 14.33, 55.4","12, 9"
2025-12-19,7,490,"30, 70, 10, 50, 50, 80, 70, 20, 70, 40",37.8845813,-4.7760138,Destino Córdoba,2025-12-28,"38, 50, 48, 37, 7, 28, 40, 46, 12","Producto38, Producto50, Producto48, Producto37, Producto7, Producto28, Producto40, Producto46, Producto12","41.61, 14.33, 52.82, 55.4, 49.53, 24.6, 95.77, 85.8, 13.74","9, 12, 15"
2025-12-19,8,630,"60, 40, 60, 40, 40, 20, 90, 100, 100, 80",41.6147605,0.6267842,Destino Lleida,2025-12-31,"8, 28, 7, 25, 40, 44, 24, 47","Producto8, Producto28, Producto7, Producto25, Producto40, Producto44, Producto24, Producto47","66.37, 24.6, 49.53, 40.69, 95.77, 17.32, 53.39, 47.14","12, 15, 21"
2025-12-19,9,720,"50, 60, 70, 80, 100, 60, 80, 30, 10, 70, 100, 10",42.343926,-3.696977,Destino Burgos,2025-12-28,"23, 35, 50, 48, 37, 38, 46, 25, 10, 12","Producto23, Producto35, Producto50, Producto48, Producto37, Producto38, Producto46, Producto25, Producto10, Producto12","22.06, 83.82, 14.33, 52.82, 55.4, 41.61, 85.8, 40.69, 18.03, 13.74","18, 9, 15"
2025-12-19,6,70,"60, 10",41.7633842,-2.4642041,Destino Soria,2025-12-28,"48, 37","Producto48, Producto37","52.82, 55.4",9
2025-12-19,12,360,"70, 60, 70, 20, 90, 50",41.1172364,1.2546057,Destino Tarragona,2025-12-31,"28, 40, 10, 12, 46","Producto28, Producto40, Producto10, Producto12, Producto46","24.6, 95.77, 18.03, 13.74, 85.8","12, 15"
2025-12-19,13,410,"30, 90, 80, 30, 40, 60, 80",41.5056332,-5.744755,Destino Zamora,2025-12-28,"50, 7, 16, 15, 36, 6","Producto50, Producto7, Producto16, Producto15, Producto36, Producto6","14.33, 49.53, 31.55, 94.12, 36.98, 85.57","9, 12, 15, 18"
2025-12-19,14,400,"40, 60, 70, 40, 70, 40, 80",42.9418896,-2.2352256,Destino Guipúzcoa,2025-12-31,"7, 8, 28, 41, 23","Producto7, Producto8, Producto28, Producto41, Producto23","49.53, 66.37, 24.6, 81.12, 22.06","12, 18"
2025-12-19,15,670,"30, 30, 10, 90, 20, 80, 20, 10, 100, 40, 30, 50, 90, 70",38.878187,-6.9701115,Destino Badajoz,2025-12-28,"15, 7, 40, 50, 48, 28, 8, 38","Producto15, Producto7, Producto40, Producto50, Producto48, Producto28, Producto8, Producto38","94.12, 49.53, 95.77, 14.33, 52.82, 24.6, 66.37, 41.61","12, 9"
2025-12-19,16,600,"40, 100, 60, 80, 20, 100, 50, 40, 10, 100",42.5535011,-2.5850848,Destino Navarra,2025-12-28,"1, 38, 12, 25, 36","Producto1, Producto38, Producto12, Producto25, Producto36","45.84, 41.61, 13.74, 40.69, 36.98","9, 15"
2025-12-19,17,500,"10, 100, 100, 70, 80, 10, 30, 100",40.3436719,-1.1081939,Destino Teruel,2025-12-28,"15, 37, 50, 1, 35, 23, 45, 6","Producto15, Producto37, Producto50, Producto1, Producto35, Producto23, Producto45, Producto6","94.12, 55.4, 14.33, 45.84, 83.82, 22.06, 86.39, 85.57","12, 9, 18"
2025-12-19,11,300,"50, 80, 10, 80, 70, 10",40.6326979,-3.1646067,Destino Guadalajara,2026-01-06,"23, 6, 32, 35, 45","Producto23, Producto6, Producto32, Producto35, Producto45","22.06, 85.57, 50.83, 83.82, 86.39",18
2025-12-20,32,170,"10, 70, 30, 20, 30, 10",42.0108856,-4.5328735,Destino Palencia,2026-01-01,"32, 6, 40, 8, 15, 22","Producto32, Producto6, Producto40, Producto8, Producto15, Producto22","50.83, 85.57, 95.77, 66.37, 94.12, 17.45","18, 12, 24"
2025-12-20,25,220,"60, 20, 60, 80",41.3825802,2.177073,Destino Barcelona,2026-01-04,"36, 23, 41","Producto36, Producto23, Producto41","36.98, 22.06, 81.12","15, 18"
2025-12-20,27,160,"40, 20, 90, 10",40.0661031,-2.1313528,Destino Cuenca,2026-01-01,"40, 15, 33","Producto40, Producto15, Producto33","95.77, 94.12, 12.0","12, 24"
2025-12-20,28,390,"90, 60, 50, 50, 80, 60",40.416782,-3.703507,Destino Madrid,2026-01-04,"12, 25, 10","Producto12, Producto25, Producto10","13.74, 40.69, 18.03",15
2025-12-20,29,230,"60, 90, 20, 60",42.9913123,-7.5908294,Destino Lugo,2026-01-04,"10, 12, 6, 32","Producto10, Producto12, Producto6, Producto32","18.03, 13.74, 85.57, 50.83","15, 18"
2025-12-20,30,150,"100, 50",42.4661196,-2.4396676,Destino La Rioja,2026-01-07,35,Producto35,83.82,18
2025-12-20,33,330,"40, 70, 90, 30, 100",43.2630018,-2.9350039,Destino Vizcaya,2026-01-01,"12, 10, 16","Producto12, Producto10, Producto16","13.74, 18.03, 31.55","15, 12"
2025-12-20,24,80,80,38.9854201,-3.9285138,Destino Ciudad Real,2026-01-13,34,Producto34,44.47,24
2025-12-20,35,620,"10, 100, 70, 30, 70, 70, 90, 100, 20, 40, 20",38.9950921,-1.8559154,Destino Albacete,2026-01-04,"10, 36, 46, 12","Producto10, Producto36, Producto46, Producto12","18.03, 36.98, 85.8, 13.74",15
2025-12-20,36,230,"10, 60, 100, 60",36.8414197,-2.4628135,Destino Almería,2026-01-04,"46, 36, 25, 12","Producto46, Producto36, Producto25, Producto12","85.8, 36.98, 40.69, 13.74",15
2025-12-20,37,410,"60, 50, 80, 100, 20, 100",40.9651572,-5.6640182,Destino Salamanca,2026-01-01,"16, 7, 8, 28, 22","Producto16, Producto7, Producto8, Producto28, Producto22","31.55, 49.53, 66.37, 24.6, 17.45","12, 24"
2025-12-20,38,630,"20, 100, 50, 80, 100, 30, 60, 20, 70, 100",41.6521342,-0.8809428,Destino Zaragoza,2026-01-07,"45, 32, 41, 23, 6, 35","Producto45, Producto32, Producto41, Producto23, Producto6, Producto35","86.39, 50.83, 81.12, 22.06, 85.57, 83.82",18
2025-12-20,39,410,"100, 90, 90, 50, 80",37.3886303,-5.9953403,Destino Sevilla,2026-01-04,"32, 23, 34, 46, 25","Producto32, Producto23, Producto34, Producto46, Producto25","50.83, 22.06, 44.47, 85.8, 40.69","18, 24, 15"
2025-12-20,40,90,90,42.3438932,-7.8571792,Destino Ourense,2026-01-13,22,Producto22,17.45,24
2025-12-20,34,400,"100, 40, 10, 30, 20, 30, 100, 60, 10",42.1382539,-0.4080901,Destino Huesca,2026-01-01,"23, 45, 35, 16, 28, 7, 8","Producto23, Producto45, Producto35, Producto16, Producto28, Producto7, Producto8","22.06, 86.39, 83.82, 31.55, 24.6, 49.53, 66.37","18, 12"
2025-12-20,23,230,"100, 100, 30",39.4697065,-0.3763353,Destino Valencia,2026-01-04,"24, 25, 36","Producto24, Producto25, Producto36","53.39, 40.69, 36.98","21, 15"
2025-12-20,8,540,"20, 100, 10, 70, 30, 70, 80, 80, 80",41.6147605,0.6267842,Destino Lleida,2026-01-04,"46, 25, 36, 6, 23, 12","Producto46, Producto25, Producto36, Producto6, Producto23, Producto12","85.8, 40.69, 36.98, 85.57, 22.06, 13.74","15, 18"
2025-12-20,19,140,"20, 50, 70",37.9923795,-1.1305431,Destino Murcia,2026-01-07,"45, 35","Producto45, Producto35","86.39, 83.82",18
2025-12-20,2,480,"50, 50, 100, 50, 90, 90, 50",40.9481192,-4.1172101,Destino Segovia,2026-01-10,"3, 30, 19, 31, 44, 11","Producto3, Producto30, Producto19, Producto31, Producto44, Producto11","74.19, 16.56, 29.87, 96.86, 17.32, 30.66","21, 24"
2025-12-20,3,120,"30, 20, 10, 60",41.6521807,-4.728605,Destino Valladolid,2026-01-01,"8, 7, 16","Producto8, Producto7, Producto16","66.37, 49.53, 31.55",12
2025-12-20,5,240,"30, 10, 90, 80, 30",41.9793006,2.8199439,Destino Girona,2026-01-01,"46, 36, 28","Producto46, Producto36, Producto28","85.8, 36.98, 24.6","15, 12"
2025-12-20,6,430,"10, 70, 20, 10, 40, 90, 20, 80, 90",41.7633842,-2.4642041,Destino Soria,2026-01-01,"16, 28, 8, 40, 15, 7","Producto16, Producto28, Producto8, Producto40, Producto15, Producto7","31.55, 24.6, 66.37, 95.77, 94.12, 49.53",12
2025-12-20,7,450,"80, 30, 50, 30, 60, 20, 40, 60, 10, 70",37.8845813,-4.7760138,Destino Córdoba,2026-01-01,"7, 40, 8, 46, 23, 45, 36, 10","Producto7, Producto40, Producto8, Producto46, Producto23, Producto45, Producto36, Producto10","49.53, 95.77, 66.37, 85.8, 22.06, 86.39, 36.98, 18.03","12, 15, 18"
2025-12-20,22,230,"10, 60, 90, 70",40.656478,-4.7002172,Destino Ávila,2026-01-01,"36, 40, 16, 28","Producto36, Producto40, Producto16, Producto28","36.98, 95.77, 31.55, 24.6","15, 12"
2025-12-20,9,440,"40, 90, 10, 60, 80, 90, 10, 50, 10",42.343926,-3.696977,Destino Burgos,2026-01-01,"11, 44, 15, 16, 41, 45, 6, 32, 35","Producto11, Producto44, Producto15, Producto16, Producto41, Producto45, Producto6, Producto32, Producto35","30.66, 17.32, 94.12, 31.55, 81.12, 86.39, 85.57, 50.83, 83.82","21, 12, 18"
2025-12-20,1,500,"80, 30, 60, 80, 100, 70, 80",39.9860347,-0.0377354,Destino Castellón,2026-01-01,"7, 16, 28, 8","Producto7, Producto16, Producto28, Producto8","49.53, 31.55, 24.6, 66.37",12
2025-12-20,12,380,"90, 80, 10, 60, 70, 70",41.1172364,1.2546057,Destino Tarragona,2026-01-04,"12, 46, 23, 6, 41, 35","Producto12, Producto46, Producto23, Producto6, Producto41, Producto35","13.74, 85.8, 22.06, 85.57, 81.12, 83.82","15, 18"
2025-12-20,13,670,"30, 70, 70, 60, 100, 90, 50, 40, 70, 90",41.5056332,-5.744755,Destino Zamora,2026-01-01,"16, 40, 8, 46, 25, 12, 6, 23","Producto16, Producto40, Producto8, Producto46, Producto25, Producto12, Producto6, Producto23","31.55, 95.77, 66.37, 85.8, 40.69, 13.74, 85.57, 22.06","12, 15, 18"
2025-12-20,14,410,"70, 50, 40, 70, 100, 60, 20",42.9418896,-2.2352256,Destino Guipúzcoa,2026-01-04,"23, 12, 46, 49, 24, 3","Producto23, Producto12, Producto46, Producto49, Producto24, Producto3","22.06, 13.74, 85.8, 58.45, 53.39, 74.19","18, 15, 21"
2025-12-20,15,260,"70, 30, 40, 100, 20",38.878187,-6.9701115,Destino Badajoz,2026-01-01,"36, 8, 10, 28, 7","Producto36, Producto8, Producto10, Producto28, Producto7","36.98, 66.37, 18.03, 24.6, 49.53","15, 12"
2025-12-20,16,270,"10, 40, 90, 60, 70",42.5535011,-2.5850848,Destino Navarra,2026-01-01,"15, 40, 7, 16, 8","Producto15, Producto40, Producto7, Producto16, Producto8","94.12, 95.77, 49.53, 31.55, 66.37",12
2025-12-20,17,970,"50, 90, 90, 60, 70, 90, 90, 100, 40, 80, 90, 10, 30, 40, 40",40.3436719,-1.1081939,Destino Teruel,2026-01-01,"15, 7, 25, 36, 16, 3, 47, 49, 19","Producto15, Producto7, Producto25, Producto36, Producto16, Producto3, Producto47, Producto49, Producto19","94.12, 49.53, 40.69, 36.98, 31.55, 74.19, 47.14, 58.45, 29.87","12, 15, 21"
2025-12-20,11,370,"10, 90, 30, 90, 10, 80, 60",40.6326979,-3.1646067,Destino Guadalajara,2026-01-10,"3, 44, 11, 19, 49, 24","Producto3, Producto44, Producto11, Producto19, Producto49, Producto24","74.19, 17.32, 30.66, 29.87, 58.45, 53.39",21
2025-12-21,25,370,"50, 70, 50, 10, 100, 90",41.3825802,2.177073,Destino Barcelona,2026-01-08,"45, 6, 11, 24, 49","Producto45, Producto6, Producto11, Producto24, Producto49","86.39, 85.57, 30.66, 53.39, 58.45","18, 21"
2025-12-21,27,100,"70, 30",40.0661031,-2.1313528,Destino Cuenca,2026-01-05,"46, 10","Producto46, Producto10","85.8, 18.03",15
2025-12-21,28,250,"30, 10, 10, 60, 80, 20, 40",40.416782,-3.703507,Destino Madrid,2026-01-08,"3, 30, 49, 11, 6, 45","Producto3, Producto30, Producto49, Producto11, Producto6, Producto45","74.19, 16.56, 58.45, 30.66, 85.57, 86.39","21, 18"
2025-12-21,29,160,"100, 40, 20",42.9913123,-7.5908294,Destino Lugo,2026-01-11,"30, 24, 19","Producto30, Producto24, Producto19","16.56, 53.39, 29.87",21
2025-12-21,30,190,"90, 100",42.4661196,-2.4396676,Destino La Rioja,2026-01-11,"3, 24","Producto3, Producto24","74.19, 53.39",21
2025-12-21,32,340,"100, 50, 20, 20, 60, 80, 10",42.0108856,-4.5328735,Destino Palencia,2026-01-05,"24, 11, 2, 49, 30, 36","Producto24, Producto11, Producto2, Producto49, Producto30, Producto36","53.39, 30.66, 54.2, 58.45, 16.56, 36.98","21, 27, 15"
2025-12-21,36,300,"100, 90, 30, 60, 20",36.8414197,-2.4628135,Destino Almería,2026-01-08,"6, 32, 23, 45, 35","Producto6, Producto32, Producto23, Producto45, Producto35","85.57, 50.83, 22.06, 86.39, 83.82",18
2025-12-21,34,470,"40, 100, 80, 50, 100, 20, 80",42.1382539,-0.4080901,Destino Huesca,2026-01-05,"44, 30, 11, 25, 12, 36","Producto44, Producto30, Producto11, Producto25, Producto12, Producto36","17.32, 16.56, 30.66, 40.69, 13.74, 36.98","21, 15"
2025-12-21,35,780,"100, 90, 40, 40, 80, 80, 80, 100, 90, 70, 10",38.9950921,-1.8559154,Destino Albacete,2026-01-08,"45, 32, 35, 23, 22, 31, 41","Producto45, Producto32, Producto35, Producto23, Producto22, Producto31, Producto41","86.39, 50.83, 83.82, 22.06, 17.45, 96.86, 81.12","18, 24"
2025-12-21,37,40,40,40.9651572,-5.6640182,Destino Salamanca,2026-01-05,12,Producto12,13.74,15
2025-12-21,38,360,"20, 40, 60, 10, 50, 70, 20, 60, 30",41.6521342,-0.8809428,Destino Zaragoza,2026-01-11,"24, 44, 31, 33, 34, 22","Producto24, Producto44, Producto31, Producto33, Producto34, Producto22","53.39, 17.32, 96.86, 12.0, 44.47, 17.45","21, 24"
2025-12-21,40,100,100,42.3438932,-7.8571792,Destino Ourense,2026-01-17,2,Producto2,54.2,27
2025-12-21,23,310,"70, 90, 20, 30, 20, 80",39.4697065,-0.3763353,Destino Valencia,2026-01-08,"22, 31, 35, 45, 23","Producto22, Producto31, Producto35, Producto45, Producto23","17.45, 96.86, 83.82, 86.39, 22.06","24, 18"
2025-12-21,33,300,"40, 40, 70, 60, 80, 10",43.2630018,-2.9350039,Destino Vizcaya,2026-01-05,"35, 32, 45, 12, 25, 10","Producto35, Producto32, Producto45, Producto12, Producto25, Producto10","83.82, 50.83, 86.39, 13.74, 40.69, 18.03","18, 15"
2025-12-21,22,140,"100, 40",40.656478,-4.7002172,Destino Ávila,2026-01-08,"23, 6","Producto23, Producto6","22.06, 85.57",18
2025-12-21,39,430,"50, 60, 90, 40, 60, 50, 50, 30",37.3886303,-5.9953403,Destino Sevilla,2026-01-08,"19, 3, 24, 35, 23","Producto19, Producto3, Producto24, Producto35, Producto23","29.87, 74.19, 53.39, 83.82, 22.06","21, 18"
2025-12-21,17,460,"100, 60, 60, 60, 50, 60, 70",40.3436719,-1.1081939,Destino Teruel,2026-01-05,"46, 35, 32, 12, 34, 33","Producto46, Producto35, Producto32, Producto12, Producto34, Producto33","85.8, 83.82, 50.83, 13.74, 44.47, 12.0","15, 18, 24"
2025-12-21,19,810,"90, 10, 20, 30, 70, 90, 90, 90, 80, 60, 10, 40, 80, 50",37.9923795,-1.1305431,Destino Murcia,2026-01-11,"2, 24, 47, 44, 49, 30, 3, 19, 11","Producto2, Producto24, Producto47, Producto44, Producto49, Producto30, Producto3, Producto19, Producto11","54.2, 53.39, 47.14, 17.32, 58.45, 16.56, 74.19, 29.87, 30.66","27, 21"
2025-12-21,2,170,"40, 70, 10, 50",40.9481192,-4.1172101,Destino Segovia,2026-01-14,"33, 22","Producto33, Producto22","12.0, 17.45",24
2025-12-21,3,100,"10, 40, 10, 40",41.6521807,-4.728605,Destino Valladolid,2026-01-05,"10, 25, 46, 12","Producto10, Producto25, Producto46, Producto12","18.03, 40.69, 85.8, 13.74",15
2025-12-21,5,50,"30, 10, 10",41.9793006,2.8199439,Destino Girona,2026-01-05,"23, 41, 10","Producto23, Producto41, Producto10","22.06, 81.12, 18.03","18, 15"
2025-12-21,6,160,"60, 50, 50",41.7633842,-2.4642041,Destino Soria,2026-01-05,"12, 46, 10","Producto12, Producto46, Producto10","13.74, 85.8, 18.03",15
2025-12-21,7,670,"60, 90, 80, 30, 60, 30, 30, 80, 10, 100, 100",37.8845813,-4.7760138,Destino Córdoba,2026-01-05,"36, 23, 32, 24, 30, 35, 45, 49, 44","Producto36, Producto23, Producto32, Producto24, Producto30, Producto35, Producto45, Producto49, Producto44","36.98, 22.06, 50.83, 53.39, 16.56, 83.82, 86.39, 58.45, 17.32","15, 18, 21"
2025-12-21,8,360,"10, 100, 30, 80, 60, 80",41.6147605,0.6267842,Destino Lleida,2026-01-08,"30, 11, 24, 44, 32, 2","Producto30, Producto11, Producto24, Producto44, Producto32, Producto2","16.56, 30.66, 53.39, 17.32, 50.83, 54.2","21, 18, 27"
2025-12-21,1,60,"50, 10",39.9860347,-0.0377354,Destino Castellón,2026-01-05,25,Producto25,40.69,15
2025-12-21,11,170,"70, 10, 10, 10, 70",40.6326979,-3.1646067,Destino Guadalajara,2026-01-14,"33, 22, 34","Producto33, Producto22, Producto34","12.0, 17.45, 44.47",24
2025-12-21,12,380,"60, 10, 100, 70, 50, 40, 50",41.1172364,1.2546057,Destino Tarragona,2026-01-08,"23, 32, 41, 44, 11, 49, 24","Producto23, Producto32, Producto41, Producto44, Producto11, Producto49, Producto24","22.06, 50.83, 81.12, 17.32, 30.66, 58.45, 53.39","18, 21"
2025-12-21,13,220,"20, 60, 100, 40",41.5056332,-5.744755,Destino Zamora,2026-01-05,"25, 23, 30, 22","Producto25, Producto23, Producto30, Producto22","40.69, 22.06, 16.56, 17.45","15, 18, 21, 24"
2025-12-21,14,340,"100, 60, 50, 80, 50",42.9418896,-2.2352256,Destino Guipúzcoa,2026-01-08,"30, 49, 23, 45, 34","Producto30, Producto49, Producto23, Producto45, Producto34","16.56, 58.45, 22.06, 86.39, 44.47","21, 18, 24"
2025-12-21,15,470,"90, 60, 40, 70, 80, 50, 50, 20, 10",38.878187,-6.9701115,Destino Badajoz,2026-01-05,"6, 25, 36, 35, 41, 45, 32, 46","Producto6, Producto25, Producto36, Producto35, Producto41, Producto45, Producto32, Producto46","85.57, 40.69, 36.98, 83.82, 81.12, 86.39, 50.83, 85.8","18, 15"
2025-12-21,16,100,"20, 40, 20, 20",42.5535011,-2.5850848,Destino Navarra,2026-01-05,"36, 24, 44","Producto36, Producto24, Producto44","36.98, 53.39, 17.32","15, 21"
2025-12-21,9,310,"20, 70, 30, 60, 30, 50, 30, 20",42.343926,-3.696977,Destino Burgos,2026-01-05,"22, 31, 36, 46, 19, 24, 11","Producto22, Producto31, Producto36, Producto46, Producto19, Producto24, Producto11","17.45, 96.86, 36.98, 85.8, 29.87, 53.39, 30.66","24, 15, 21"
2025-12-22,24,120,"80, 40",38.9854201,-3.9285138,Destino Ciudad Real,2026-01-21,"42, 17","Producto42, Producto17","63.8, 69.85",30
2025-12-22,25,80,"40, 40",41.3825802,2.177073,Destino Barcelona,2026-01-12,11,Producto11,30.66,21
2025-12-22,27,380,"20, 70, 60, 80, 70, 80",40.0661031,-2.1313528,Destino Cuenca,2026-01-09,"23, 32, 17, 13, 27, 39","Producto23, Producto32, Producto17, Producto13, Producto27, Producto39","22.06, 50.83, 69.85, 29.33, 93.76, 56.7","18, 30"
2025-12-22,28,40,"10, 30",40.416782,-3.703507,Destino Madrid,2026-01-12,"24, 44","Producto24, Producto44","53.39, 17.32",21
2025-12-22,29,270,"60, 30, 30, 30, 70, 50",42.9913123,-7.5908294,Destino Lugo,2026-01-12,"30, 44, 34","Producto30, Producto44, Producto34","16.56, 17.32, 44.47","21, 24"
2025-12-22,30,160,"70, 80, 10",42.4661196,-2.4396676,Destino La Rioja,2026-01-15,"31, 34","Producto31, Producto34","96.86, 44.47",24
2025-12-22,32,250,"80, 70, 30, 70",42.0108856,-4.5328735,Destino Palencia,2026-01-09,"33, 22, 6, 17","Producto33, Producto22, Producto6, Producto17","12.0, 17.45, 85.57, 69.85","24, 18, 30"
2025-12-22,35,340,"70, 50, 30, 40, 90, 60",38.9950921,-1.8559154,Destino Albacete,2026-01-12,"44, 24, 30, 47","Producto44, Producto24, Producto30, Producto47","17.32, 53.39, 16.56, 47.14",21
2025-12-22,34,140,"90, 50",42.1382539,-0.4080901,Destino Huesca,2026-01-09,"33, 35","Producto33, Producto35","12.0, 83.82","24, 18"
2025-12-22,36,410,"60, 60, 50, 10, 20, 60, 80, 70",36.8414197,-2.4628135,Destino Almería,2026-01-12,"11, 47, 49, 24, 3","Producto11, Producto47, Producto49, Producto24, Producto3","30.66, 47.14, 58.45, 53.39, 74.19",21
2025-12-22,37,410,"100, 70, 80, 10, 30, 30, 40, 20, 30",40.9651572,-5.6640182,Destino Salamanca,2026-01-09,"23, 35, 27, 29, 39, 42","Producto23, Producto35, Producto27, Producto29, Producto39, Producto42","22.06, 83.82, 93.76, 64.14, 56.7, 63.8","18, 30"
2025-12-22,38,130,"30, 10, 50, 40",41.6521342,-0.8809428,Destino Zaragoza,2026-01-15,"22, 31","Producto22, Producto31","17.45, 96.86",24
2025-12-22,39,370,"20, 50, 50, 30, 40, 30, 30, 30, 20, 70",37.3886303,-5.9953403,Destino Sevilla,2026-01-12,"34, 22, 42, 11, 49, 3, 24","Producto34, Producto22, Producto42, Producto11, Producto49, Producto3, Producto24","44.47, 17.45, 63.8, 30.66, 58.45, 74.19, 53.39","24, 30, 21"
2025-12-22,40,10,10,42.3438932,-7.8571792,Destino Ourense,2026-01-21,42,Producto42,63.8,30
2025-12-22,33,590,"70, 100, 70, 80, 80, 100, 90",43.2630018,-2.9350039,Destino Vizcaya,2026-01-09,"17, 42, 29, 3, 47, 19, 35","Producto17, Producto42, Producto29, Producto3, Producto47, Producto19, Producto35","69.85, 63.8, 64.14, 74.19, 47.14, 29.87, 83.82","30, 21, 18"
2025-12-22,23,140,"60, 50, 30",39.4697065,-0.3763353,Destino Valencia,2026-01-12,"2, 49, 19","Producto2, Producto49, Producto19","54.2, 58.45, 29.87","27, 21"
2025-12-22,19,350,"100, 80, 60, 100, 10",37.9923795,-1.1305431,Destino Murcia,2026-01-21,"29, 27, 13","Producto29, Producto27, Producto13","64.14, 93.76, 29.33",30
2025-12-22,17,320,"90, 40, 90, 50, 10, 40",40.3436719,-1.1081939,Destino Teruel,2026-01-09,"32, 41, 47, 11, 23","Producto32, Producto41, Producto47, Producto11, Producto23","50.83, 81.12, 47.14, 30.66, 22.06","18, 21"
2025-12-22,22,420,"80, 100, 70, 10, 50, 30, 80",40.656478,-4.7002172,Destino Ávila,2026-01-09,"3, 24, 11, 41, 6","Producto3, Producto24, Producto11, Producto41, Producto6","74.19, 53.39, 30.66, 81.12, 85.57","21, 18"
2025-12-22,1,220,"90, 40, 90",39.9860347,-0.0377354,Destino Castellón,2026-01-09,"41, 23, 6","Producto41, Producto23, Producto6","81.12, 22.06, 85.57",18
2025-12-22,2,20,20,40.9481192,-4.1172101,Destino Segovia,2026-01-21,27,Producto27,93.76,30
2025-12-22,3,100,"30, 40, 30",41.6521807,-4.728605,Destino Valladolid,2026-01-09,"23, 32, 6","Producto23, Producto32, Producto6","22.06, 50.83, 85.57",18
2025-12-22,6,90,90,41.7633842,-2.4642041,Destino Soria,2026-01-09,35,Producto35,83.82,18
2025-12-22,7,470,"20, 80, 50, 20, 10, 70, 50, 100, 30, 40",37.8845813,-4.7760138,Destino Córdoba,2026-01-09,"23, 41, 30, 22, 31, 34, 24","Producto23, Producto41, Producto30, Producto22, Producto31, Producto34, Producto24","22.06, 81.12, 16.56, 17.45, 96.86, 44.47, 53.39","18, 21, 24"
2025-12-22,5,140,"40, 100",41.9793006,2.8199439,Destino Girona,2026-01-09,"30, 41","Producto30, Producto41","16.56, 81.12","21, 18"
2025-12-22,9,460,"60, 30, 20, 100, 30, 30, 80, 20, 60, 30",42.343926,-3.696977,Destino Burgos,2026-01-09,"2, 32, 6, 35, 41, 34, 33","Producto2, Producto32, Producto6, Producto35, Producto41, Producto34, Producto33","54.2, 50.83, 85.57, 83.82, 81.12, 44.47, 12.0","27, 18, 24"
2025-12-22,12,230,"30, 90, 60, 50",41.1172364,1.2546057,Destino Tarragona,2026-01-12,"11, 34, 33, 31","Producto11, Producto34, Producto33, Producto31","30.66, 44.47, 12.0, 96.86","21, 24"
2025-12-22,13,580,"80, 60, 70, 40, 70, 40, 90, 80, 50",41.5056332,-5.744755,Destino Zamora,2026-01-09,"35, 41, 45, 6, 23, 24, 31","Producto35, Producto41, Producto45, Producto6, Producto23, Producto24, Producto31","83.82, 81.12, 86.39, 85.57, 22.06, 53.39, 96.86","18, 21, 24"
2025-12-22,14,510,"70, 50, 70, 50, 60, 20, 50, 90, 50",42.9418896,-2.2352256,Destino Guipúzcoa,2026-01-12,"22, 33, 31, 34, 19, 44, 47","Producto22, Producto33, Producto31, Producto34, Producto19, Producto44, Producto47","17.45, 12.0, 96.86, 44.47, 29.87, 17.32, 47.14","24, 21"
2025-12-22,15,890,"20, 30, 80, 50, 80, 50, 10, 80, 10, 20, 40, 40, 90, 30, 70, 40, 60, 90",38.878187,-6.9701115,Destino Badajoz,2026-01-09,"3, 24, 30, 47, 44, 11, 49, 19, 45, 35, 23","Producto3, Producto24, Producto30, Producto47, Producto44, Producto11, Producto49, Producto19, Producto45, Producto35, Producto23","74.19, 53.39, 16.56, 47.14, 17.32, 30.66, 58.45, 29.87, 86.39, 83.82, 22.06","21, 18"
2025-12-22,16,370,"80, 90, 60, 80, 60",42.5535011,-2.5850848,Destino Navarra,2026-01-09,"41, 32, 6, 35","Producto41, Producto32, Producto6, Producto35","81.12, 50.83, 85.57, 83.82",18
2025-12-22,8,520,"30, 80, 90, 20, 90, 10, 60, 70, 10, 60",41.6147605,0.6267842,Destino Lleida,2026-01-12,"49, 47, 33, 44, 11, 24, 39, 13, 17","Producto49, Producto47, Producto33, Producto44, Producto11, Producto24, Producto39, Producto13, Producto17","58.45, 47.14, 12.0, 17.32, 30.66, 53.39, 56.7, 29.33, 69.85","21, 24, 30"
2025-12-23,32,380,"60, 90, 80, 40, 70, 40",42.0108856,-4.5328735,Destino Palencia,2026-01-13,"2, 3, 44, 11","Producto2, Producto3, Producto44, Producto11","54.2, 74.19, 17.32, 30.66","27, 21"
2025-12-23,25,190,"30, 100, 10, 50",41.3825802,2.177073,Destino Barcelona,2026-01-16,"22, 34, 31, 2","Producto22, Producto34, Producto31, Producto2","17.45, 44.47, 96.86, 54.2","24, 27"
2025-12-23,27,180,"60, 100, 20",40.0661031,-2.1313528,Destino Cuenca,2026-01-13,"3, 24, 49","Producto3, Producto24, Producto49","74.19, 53.39, 58.45",21
2025-12-23,28,170,"70, 30, 70",40.416782,-3.703507,Destino Madrid,2026-01-16,"31, 22","Producto31, Producto22","96.86, 17.45",24
2025-12-23,29,100,"30, 40, 30",42.9913123,-7.5908294,Destino Lugo,2026-01-16,"34, 31, 33","Producto34, Producto31, Producto33","44.47, 96.86, 12.0",24
2025-12-23,39,230,"100, 70, 60",37.3886303,-5.9953403,Destino Sevilla,2026-01-16,"33, 31","Producto33, Producto31","12.0, 96.86",24
2025-12-23,23,470,"100, 30, 30, 10, 90, 90, 80, 40",39.4697065,-0.3763353,Destino Valencia,2026-01-16,"13, 42, 29, 31, 34, 22","Producto13, Producto42, Producto29, Producto31, Producto34, Producto22","29.33, 63.8, 64.14, 96.86, 44.47, 17.45","30, 24"
2025-12-23,34,190,"30, 90, 70",42.1382539,-0.4080901,Destino Huesca,2026-01-13,"2, 11, 19","Producto2, Producto11, Producto19","54.2, 30.66, 29.87","27, 21"
2025-12-23,35,380,"20, 80, 10, 60, 100, 20, 60, 30",38.9950921,-1.8559154,Destino Albacete,2026-01-16,"33, 22, 42, 39, 29, 27","Producto33, Producto22, Producto42, Producto39, Producto29, Producto27","12.0, 17.45, 63.8, 56.7, 64.14, 93.76","24, 30"
2025-12-23,36,210,"70, 50, 60, 30",36.8414197,-2.4628135,Destino Almería,2026-01-16,"34, 33","Producto34, Producto33","44.47, 12.0",24
2025-12-23,37,90,"60, 20, 10",40.9651572,-5.6640182,Destino Salamanca,2026-01-13,"11, 30, 47","Producto11, Producto30, Producto47","30.66, 16.56, 47.14",21
2025-12-23,38,240,"40, 30, 40, 80, 40, 10",41.6521342,-0.8809428,Destino Zaragoza,2026-01-19,"2, 27, 39, 29","Producto2, Producto27, Producto39, Producto29","54.2, 93.76, 56.7, 64.14","27, 30"
2025-12-23,33,170,"50, 50, 70",43.2630018,-2.9350039,Destino Vizcaya,2026-01-13,"22, 11, 30","Producto22, Producto11, Producto30","17.45, 30.66, 16.56","24, 21"
2025-12-23,22,120,"70, 40, 10",40.656478,-4.7002172,Destino Ávila,2026-01-13,"22, 24, 19","Producto22, Producto24, Producto19","17.45, 53.39, 29.87","24, 21"
2025-12-23,8,220,"80, 80, 10, 50",41.6147605,0.6267842,Destino Lleida,2026-01-16,"34, 33, 22, 31","Producto34, Producto33, Producto22, Producto31","44.47, 12.0, 17.45, 96.86",24
2025-12-23,16,370,"70, 90, 50, 50, 40, 70",42.5535011,-2.5850848,Destino Navarra,2026-01-13,"3, 19, 44, 47","Producto3, Producto19, Producto44, Producto47","74.19, 29.87, 17.32, 47.14",21
2025-12-23,17,700,"90, 20, 70, 60, 30, 40, 10, 10, 80, 40, 40, 100, 30, 80",40.3436719,-1.1081939,Destino Teruel,2026-01-13,"44, 19, 33, 34, 30, 27, 17, 29, 39","Producto44, Producto19, Producto33, Producto34, Producto30, Producto27, Producto17, Producto29, Producto39","17.32, 29.87, 12.0, 44.47, 16.56, 93.76, 69.85, 64.14, 56.7","21, 24, 30"
2025-12-23,1,300,"40, 10, 90, 90, 10, 40, 20",39.9860347,-0.0377354,Destino Castellón,2026-01-13,"47, 3, 44, 30, 24","Producto47, Producto3, Producto44, Producto30, Producto24","47.14, 74.19, 17.32, 16.56, 53.39",21
2025-12-23,2,310,"70, 60, 80, 40, 50, 10",40.9481192,-4.1172101,Destino Segovia,2026-01-22,"13, 27, 17","Producto13, Producto27, Producto17","29.33, 93.76, 69.85",30
2025-12-23,3,140,"70, 70",41.6521807,-4.728605,Destino Valladolid,2026-01-13,"30, 47","Producto30, Producto47","16.56, 47.14",21
2025-12-23,6,260,"100, 30, 20, 70, 40",41.7633842,-2.4642041,Destino Soria,2026-01-13,"11, 44, 30, 19, 47","Producto11, Producto44, Producto30, Producto19, Producto47","30.66, 17.32, 16.56, 29.87, 47.14",21
2025-12-23,7,460,"30, 10, 100, 10, 40, 90, 40, 70, 70",37.8845813,-4.7760138,Destino Córdoba,2026-01-13,"24, 19, 33, 2","Producto24, Producto19, Producto33, Producto2","53.39, 29.87, 12.0, 54.2","21, 24, 27"
2025-12-23,5,120,"90, 30",41.9793006,2.8199439,Destino Girona,2026-01-13,"30, 3","Producto30, Producto3","16.56, 74.19",21
2025-12-23,11,230,"60, 10, 10, 50, 100",40.6326979,-3.1646067,Destino Guadalajara,2026-01-22,"29, 13, 42","Producto29, Producto13, Producto42","64.14, 29.33, 63.8",30
2025-12-23,12,180,"100, 80",41.1172364,1.2546057,Destino Tarragona,2026-01-16,34,Producto34,44.47,24
2025-12-23,13,520,"80, 80, 100, 90, 20, 80, 10, 30, 30",41.5056332,-5.744755,Destino Zamora,2026-01-13,"11, 30, 3, 39, 17, 13","Producto11, Producto30, Producto3, Producto39, Producto17, Producto13","30.66, 16.56, 74.19, 56.7, 69.85, 29.33","21, 30"
2025-12-23,14,260,"30, 90, 100, 40",42.9418896,-2.2352256,Destino Guipúzcoa,2026-01-16,"22, 13, 39, 29","Producto22, Producto13, Producto39, Producto29","17.45, 29.33, 56.7, 64.14","24, 30"
2025-12-23,15,540,"50, 60, 80, 100, 60, 30, 20, 10, 90, 40",38.878187,-6.9701115,Destino Badajoz,2026-01-13,"34, 47, 44, 11, 49, 19","Producto34, Producto47, Producto44, Producto11, Producto49, Producto19","44.47, 47.14, 17.32, 30.66, 58.45, 29.87","24, 21"
2025-12-23,9,310,"30, 60, 10, 50, 40, 100, 20",42.343926,-3.696977,Destino Burgos,2026-01-13,"17, 29, 47, 19, 2","Producto17, Producto29, Producto47, Producto19, Producto2","69.85, 64.14, 47.14, 29.87, 54.2","30, 21, 27"
2025-12-24,29,330,"90, 100, 50, 90",42.9913123,-7.5908294,Destino Lugo,2026-01-20,"2, 13, 42, 17","Producto2, Producto13, Producto42, Producto17","54.2, 29.33, 63.8, 69.85","27, 30"
2025-12-24,25,170,"50, 60, 60",41.3825802,2.177073,Destino Barcelona,2026-01-23,"27, 13, 42","Producto27, Producto13, Producto42","93.76, 29.33, 63.8",30
2025-12-24,27,90,90,40.0661031,-2.1313528,Destino Cuenca,2026-01-17,33,Producto33,12.0,24
2025-12-24,28,250,"60, 70, 20, 50, 10, 40",40.416782,-3.703507,Destino Madrid,2026-01-20,"42, 27, 29, 2","Producto42, Producto27, Producto29, Producto2","63.8, 93.76, 64.14, 54.2","30, 27"
2025-12-24,30,140,"40, 100",42.4661196,-2.4396676,Destino La Rioja,2026-01-23,39,Producto39,56.7,30
2025-12-24,39,460,"40, 80, 40, 60, 60, 90, 10, 70, 10",37.3886303,-5.9953403,Destino Sevilla,2026-01-20,"42, 39, 13, 27, 2","Producto42, Producto39, Producto13, Producto27, Producto2","63.8, 56.7, 29.33, 93.76, 54.2","30, 27"
2025-12-24,33,200,"10, 80, 50, 60",43.2630018,-2.9350039,Destino Vizcaya,2026-01-17,"2, 34, 33","Producto2, Producto34, Producto33","54.2, 44.47, 12.0","27, 24"
2025-12-24,34,250,"80, 100, 70",42.1382539,-0.4080901,Destino Huesca,2026-01-17,"17, 22, 33","Producto17, Producto22, Producto33","69.85, 17.45, 12.0","30, 24"
2025-12-24,35,60,60,38.9950921,-1.8559154,Destino Albacete,2026-01-20,2,Producto2,54.2,27
2025-12-24,38,120,"10, 10, 60, 40",41.6521342,-0.8809428,Destino Zaragoza,2026-01-23,"13, 42, 17","Producto13, Producto42, Producto17","29.33, 63.8, 69.85",30
2025-12-24,22,130,"10, 30, 90",40.656478,-4.7002172,Destino Ávila,2026-01-17,"31, 33","Producto31, Producto33","96.86, 12.0",24
2025-12-24,32,330,"40, 40, 70, 20, 20, 30, 60, 50",42.0108856,-4.5328735,Destino Palencia,2026-01-17,"42, 13, 39, 17, 27, 34, 22","Producto42, Producto13, Producto39, Producto17, Producto27, Producto34, Producto22","63.8, 29.33, 56.7, 69.85, 93.76, 44.47, 17.45","30, 24"
2025-12-24,19,80,"30, 50",37.9923795,-1.1305431,Destino Murcia,2026-01-23,17,Producto17,69.85,30
2025-12-24,37,20,20,40.9651572,-5.6640182,Destino Salamanca,2026-01-17,22,Producto22,17.45,24
2025-12-24,16,220,"20, 50, 50, 40, 20, 40",42.5535011,-2.5850848,Destino Navarra,2026-01-17,"22, 34, 27, 17","Producto22, Producto34, Producto27, Producto17","17.45, 44.47, 93.76, 69.85","24, 30"
2025-12-24,3,80,80,41.6521807,-4.728605,Destino Valladolid,2026-01-17,31,Producto31,96.86,24
2025-12-24,5,110,"40, 70",41.9793006,2.8199439,Destino Girona,2026-01-17,"33, 34","Producto33, Producto34","12.0, 44.47",24
2025-12-24,6,290,"40, 80, 100, 70",41.7633842,-2.4642041,Destino Soria,2026-01-17,"31, 22, 33","Producto31, Producto22, Producto33","96.86, 17.45, 12.0",24
2025-12-24,7,300,"20, 10, 50, 20, 40, 70, 10, 20, 60",37.8845813,-4.7760138,Destino Córdoba,2026-01-17,"31, 17, 42, 39, 2, 27","Producto31, Producto17, Producto42, Producto39, Producto2, Producto27","96.86, 69.85, 63.8, 56.7, 54.2, 93.76","24, 30, 27"
2025-12-24,8,150,"40, 10, 70, 30",41.6147605,0.6267842,Destino Lleida,2026-01-20,"2, 39, 13","Producto2, Producto39, Producto13","54.2, 56.7, 29.33","27, 30"
2025-12-24,1,100,"10, 90",39.9860347,-0.0377354,Destino Castellón,2026-01-17,"31, 33","Producto31, Producto33","96.86, 12.0",24
2025-12-24,12,290,"20, 30, 70, 80, 90",41.1172364,1.2546057,Destino Tarragona,2026-01-20,"2, 29, 17","Producto2, Producto29, Producto17","54.2, 64.14, 69.85","27, 30"
2025-12-24,13,210,"50, 50, 80, 30",41.5056332,-5.744755,Destino Zamora,2026-01-17,"22, 34, 17, 39","Producto22, Producto34, Producto17, Producto39","17.45, 44.47, 69.85, 56.7","24, 30"
2025-12-24,14,80,80,42.9418896,-2.2352256,Destino Guipúzcoa,2026-01-23,13,Producto13,29.33,30
2025-12-24,15,220,"40, 40, 70, 70",38.878187,-6.9701115,Destino Badajoz,2026-01-17,"2, 34","Producto2, Producto34","54.2, 44.47","27, 24"
2025-12-24,9,330,"20, 50, 100, 10, 80, 70",42.343926,-3.696977,Destino Burgos,2026-01-23,"27, 17, 13, 39, 42","Producto27, Producto17, Producto13, Producto39, Producto42","93.76, 69.85, 29.33, 56.7, 63.8",30
2025-12-24,17,230,"40, 40, 60, 30, 60",40.3436719,-1.1081939,Destino Teruel,2026-01-17,"34, 2, 31, 33","Producto34, Producto2, Producto31, Producto33","44.47, 54.2, 96.86, 12.0","24, 27"
2025-12-25,22,210,"100, 40, 60, 10",40.656478,-4.7002172,Destino Ávila,2026-01-24,"17, 39, 27, 29","Producto17, Producto39, Producto27, Producto29","69.85, 56.7, 93.76, 64.14",30
2025-12-25,39,180,"90, 90",37.3886303,-5.9953403,Destino Sevilla,2026-01-24,"17, 13","Producto17, Producto13","69.85, 29.33",30
2025-12-25,37,40,40,40.9651572,-5.6640182,Destino Salamanca,2026-01-21,2,Producto2,54.2,27
2025-12-25,36,200,"90, 30, 80",36.8414197,-2.4628135,Destino Almería,2026-01-24,"17, 13","Producto17, Producto13","69.85, 29.33",30
2025-12-25,35,330,"100, 100, 30, 70, 30",38.9950921,-1.8559154,Destino Albacete,2026-01-24,"42, 27, 29, 13","Producto42, Producto27, Producto29, Producto13","63.8, 93.76, 64.14, 29.33",30
2025-12-25,33,50,50,43.2630018,-2.9350039,Destino Vizcaya,2026-01-24,39,Producto39,56.7,30
2025-12-25,29,100,"70, 30",42.9913123,-7.5908294,Destino Lugo,2026-01-24,"17, 29","Producto17, Producto29","69.85, 64.14",30
2025-12-25,28,70,70,40.416782,-3.703507,Destino Madrid,2026-01-24,13,Producto13,29.33,30
2025-12-25,25,230,"50, 100, 80",41.3825802,2.177073,Destino Barcelona,2026-01-24,"27, 39, 13","Producto27, Producto39, Producto13","93.76, 56.7, 29.33",30
2025-12-25,23,50,"20, 30",39.4697065,-0.3763353,Destino Valencia,2026-01-24,"42, 27","Producto42, Producto27","63.8, 93.76",30
2025-12-25,17,90,90,40.3436719,-1.1081939,Destino Teruel,2026-01-24,13,Producto13,29.33,30
2025-12-25,15,430,"100, 30, 40, 60, 10, 20, 100, 70",38.878187,-6.9701115,Destino Badajoz,2026-01-24,"29, 39, 13, 42, 27","Producto29, Producto39, Producto13, Producto42, Producto27","64.14, 56.7, 29.33, 63.8, 93.76",30
2025-12-25,16,10,10,42.5535011,-2.5850848,Destino Navarra,2026-01-21,2,Producto2,54.2,27
2025-12-25,1,80,80,39.9860347,-0.0377354,Destino Castellón,2026-01-21,2,Producto2,54.2,27
2025-12-25,5,170,"60, 40, 70",41.9793006,2.8199439,Destino Girona,2026-01-24,"29, 39, 42","Producto29, Producto39, Producto42","64.14, 56.7, 63.8",30
2025-12-25,7,620,"50, 50, 90, 40, 100, 80, 70, 100, 40",37.8845813,-4.7760138,Destino Córdoba,2026-01-24,"27, 42, 17, 29, 13","Producto27, Producto42, Producto17, Producto29, Producto13","93.76, 63.8, 69.85, 64.14, 29.33",30
2025-12-25,3,10,10,41.6521807,-4.728605,Destino Valladolid,2026-01-21,2,Producto2,54.2,27
2025-12-25,9,90,90,42.343926,-3.696977,Destino Burgos,2026-01-21,2,Producto2,54.2,27
2025-12-25,12,100,100,41.1172364,1.2546057,Destino Tarragona,2026-01-24,39,Producto39,56.7,30
2025-12-25,13,40,"20, 20",41.5056332,-5.744755,Destino Zamora,2026-01-24,"27, 39","Producto27, Producto39","93.76, 56.7",30
2025-12-25,14,160,"60, 100",42.9418896,-2.2352256,Destino Guipúzcoa,2026-01-24,"39, 17","Producto39, Producto17","56.7, 69.85",30
2025-12-25,8,170,"90, 50, 10, 20",41.6147605,0.6267842,Destino Lleida,2026-01-24,"17, 39, 29","Producto17, Producto39, Producto29","69.85, 56.7, 64.14",30
2025-12-26,16,150,"100, 10, 40",42.5535011,-2.5850848,Destino Navarra,2026-01-25,"42, 17","Producto42, Producto17","63.8, 69.85",30
2025-12-26,32,50,50,42.0108856,-4.5328735,Destino Palencia,2026-01-25,29,Producto29,64.14,30
2025-12-26,27,20,20,40.0661031,-2.1313528,Destino Cuenca,2026-01-25,29,Producto29,64.14,30
2025-12-26,22,280,"100, 80, 100",40.656478,-4.7002172,Destino Ávila,2026-01-25,"39, 27","Producto39, Producto27","56.7, 93.76",30
2025-12-26,17,400,"100, 10, 40, 40, 70, 70, 70",40.3436719,-1.1081939,Destino Teruel,2026-01-25,"29, 39, 27, 17, 13","Producto29, Producto39, Producto27, Producto17, Producto13","64.14, 56.7, 93.76, 69.85, 29.33",30
2025-12-26,15,490,"40, 100, 30, 70, 70, 100, 80",38.878187,-6.9701115,Destino Badajoz,2026-01-25,"39, 17, 13, 29","Producto39, Producto17, Producto13, Producto29","56.7, 69.85, 29.33, 64.14",30
2025-12-26,3,260,"80, 90, 90",41.6521807,-4.728605,Destino Valladolid,2026-01-25,"13, 29","Producto13, Producto29","29.33, 64.14",30
2025-12-26,9,170,"90, 50, 30",42.343926,-3.696977,Destino Burgos,2026-01-25,"39, 42","Producto39, Producto42","56.7, 63.8",30
2025-12-26,7,40,40,37.8845813,-4.7760138,Destino Córdoba,2026-01-25,17,Producto17,69.85,30
2025-12-26,6,250,"90, 50, 10, 20, 80",41.7633842,-2.4642041,Destino Soria,2026-01-25,"27, 13, 42, 29","Producto27, Producto13, Producto42, Producto29","93.76, 29.33, 63.8, 64.14",30
2025-12-26,5,180,"30, 90, 60",41.9793006,2.8199439,Destino Girona,2026-01-25,"39, 42","Producto39, Producto42","56.7, 63.8",30
2025-12-26,1,250,"30, 50, 60, 70, 40",39.9860347,-0.0377354,Destino Castellón,2026-01-25,"29, 17, 27, 13","Producto29, Producto17, Producto27, Producto13","64.14, 69.85, 93.76, 29.33",30
2025-12-26,33,40,40,43.2630018,-2.9350039,Destino Vizcaya,2026-01-25,39,Producto39,56.7,30
2025-12-26,13,90,"60, 30",41.5056332,-5.744755,Destino Zamora,2026-01-25,"27, 29","Producto27, Producto29","93.76, 64.14",30
2025-12-26,37,20,20,40.9651572,-5.6640182,Destino Salamanca,2026-01-25,27,Producto27,93.76,30
