PedidoID,distancia_km,Caducidad,TiempoFabricacionMedio,Urgencia_1_Caducidad,Urgencia_2_Distancia,Urgencia_3_Combinada_60_40,Urgencia_4_Combinada_40_60,Urgencia_5_Tres_Factores,Urgencia_6_Logaritmica
1,455.56,3,1,0.3333333333333333,0.512521656953851,0.40500866278154035,0.4408463275056439,0.340423163752822,0.3255109195565034
1,455.56,12,4,0.08333333333333333,0.512521656953851,0.2550086627815404,0.3408463275056439,0.27542316375282194,0.18016336421173226
1,455.56,30,10,0.03333333333333333,0.512521656953851,0.2250086627815404,0.3208463275056439,0.37042316375282197,0.1470863448163505
1,455.56,21,7,0.047619047619047616,0.512521656953851,0.23358009135296898,0.32656061321992963,0.3175660208956791,0.15669747978468185
1,455.56,9,3,0.1111111111111111,0.512521656953851,0.27167532944820705,0.35195743861675505,0.2693120526417109,0.19788582980073527
1,455.56,18,6,0.05555555555555555,0.512521656953851,0.23834199611487372,0.3297352163945328,0.3015342748639331,0.16198052372944988
1,455.56,15,5,0.06666666666666667,0.512521656953851,0.2450086627815404,0.33417966083897727,0.28708983041948866,0.16931043363655662
1,455.56,24,8,0.041666666666666664,0.512521656953851,0.2300086627815404,0.32417966083897726,0.33458983041948864,0.15270886500443545
2,830.4,24,8,0.041666666666666664,0.9342303624867808,0.3986921449947124,0.5772048841587352,0.46110244207936757,0.22648824672672696
2,830.4,18,6,0.05555555555555555,0.9342303624867808,0.4070254783280457,0.5827604397142907,0.428046886523812,0.23575990545174136
2,830.4,3,1,0.3333333333333333,0.9342303624867808,0.5736921449947123,0.6938715508254018,0.4669357754127009,0.3992903012787949
2,830.4,21,7,0.047619047619047616,0.9342303624867808,0.40226357356614095,0.5795858365396875,0.444078632555558,0.23047686150697336
2,830.4,9,3,0.1111111111111111,0.9342303624867808,0.440358811661379,0.6049826619365128,0.39582466430158975,0.27166521152302675
2,830.4,30,10,0.03333333333333333,0.9342303624867808,0.3936921449947124,0.5738715508254018,0.4969357754127009,0.220865726538642
2,830.4,12,4,0.08333333333333333,0.9342303624867808,0.42369214499471236,0.5938715508254018,0.4019357754127009,0.2539427459340238
2,830.4,6,2,0.16666666666666666,0.9342303624867808,0.47369214499471235,0.6272048841587351,0.4036024420793676,0.30581832644162915
4,242.85,6,2,0.16666666666666666,0.27321512949170845,0.20928605179668336,0.23059574436169172,0.20529787218084586,0.18036906569886085
4,242.85,21,7,0.047619047619047616,0.27321512949170845,0.13785748036811196,0.1829766967426441,0.24577406265703633,0.10502760076420506
4,242.85,9,3,0.1111111111111111,0.27321512949170845,0.17595271846335003,0.20837352213946952,0.19752009440306809,0.14621595078025845
4,242.85,30,10,0.03333333333333333,0.27321512949170845,0.12928605179668337,0.1772624110283584,0.2986312055141792,0.09541646579587369
4,242.85,27,9,0.037037037037037035,0.27321512949170845,0.1315082740189056,0.17874389250983988,0.2804830573660311,0.09792094073939236
4,242.85,18,6,0.05555555555555555,0.27321512949170845,0.1426193851300167,0.1861512999172473,0.22974231662529032,0.11031064470897306
4,242.85,12,4,0.08333333333333333,0.27321512949170845,0.15928605179668337,0.1972624110283584,0.2036312055141792,0.12849348519125547
4,242.85,3,1,0.3333333333333333,0.27321512949170845,0.30928605179668334,0.2972624110283584,0.2686312055141792,0.2738410405360266
5,825.56,15,5,0.06666666666666667,0.9287851855185293,0.4115140742074117,0.5839377779777841,0.41196888898889206,0.2422440749510933
5,825.56,12,4,0.08333333333333333,0.9287851855185293,0.4215140742074117,0.5906044446444508,0.40030222232222545,0.2530970055262689
5,825.56,6,2,0.16666666666666666,0.9287851855185293,0.4715140742074117,0.6239377779777842,0.40196888898889205,0.30497258603387434
5,825.56,3,1,0.3333333333333333,0.9287851855185293,0.5715140742074117,0.6906044446444508,0.4653022223222254,0.3984445608710401
5,825.56,9,3,0.1111111111111111,0.9287851855185293,0.4381807408740784,0.6017155557555619,0.39419111121111433,0.27081947111527194
5,825.56,21,7,0.047619047619047616,0.9287851855185293,0.4000855027788403,0.5763187303587366,0.4424450794650826,0.22963112109921852
5,825.56,24,8,0.041666666666666664,0.9287851855185293,0.39651407420741175,0.5739377779777842,0.4594688889888921,0.22564250631897212
5,825.56,18,6,0.05555555555555555,0.9287851855185293,0.40484740754074505,0.5794933335333398,0.42641333343333654,0.23491416504398652
5,825.56,27,9,0.037037037037037035,0.9287851855185293,0.3937362964296339,0.5720859261259323,0.4771540741740773,0.22252446107440582
5,825.56,30,10,0.03333333333333333,0.9287851855185293,0.39151407420741174,0.5706044446444508,0.4953022223222254,0.22001998613088716
6,821.5,24,8,0.041666666666666664,0.9242175370699548,0.39468701482798196,0.5711971889086396,0.4580985944543198,0.22493121942137548
6,821.5,12,4,0.08333333333333333,0.9242175370699548,0.41968701482798193,0.5878638555753062,0.39893192778765313,0.25238571862867226
6,821.5,9,3,0.1111111111111111,0.9242175370699548,0.4363536814946486,0.5989749666864173,0.39282081667654195,0.27010818421767524
6,821.5,15,5,0.06666666666666667,0.9242175370699548,0.4096870148279819,0.5811971889086395,0.4105985944543198,0.24153278805349665
6,821.5,3,1,0.3333333333333333,0.9242175370699548,0.5696870148279819,0.6878638555753062,0.46393192778765313,0.3977332739734434
6,821.5,6,2,0.16666666666666666,0.9242175370699548,0.4696870148279819,0.6211971889086395,0.4005985944543198,0.3042612991362777
6,821.5,27,9,0.037037037037037035,0.9242175370699548,0.39190923705020414,0.5693453370567877,0.475783779639505,0.22181317417680918
6,821.5,21,7,0.047619047619047616,0.9242175370699548,0.3982584433994105,0.573578141289592,0.4410747849305102,0.22891983420162187
6,821.5,30,10,0.03333333333333333,0.9242175370699548,0.38968701482798196,0.5678638555753062,0.4939319277876531,0.21930869923329052
8,561.34,21,7,0.047619047619047616,0.6315280246608015,0.2811826384357492,0.3979644338440999,0.35326793120776423,0.1794191151863876
8,561.34,9,3,0.1111111111111111,0.6315280246608015,0.31927787653098727,0.4233612592409253,0.305013962953796,0.22060746520244098
8,561.34,12,4,0.08333333333333333,0.6315280246608015,0.3026112098643206,0.4122501481298142,0.3111250740649071,0.20288499961343798
8,561.34,3,1,0.3333333333333333,0.6315280246608015,0.4526112098643206,0.5122501481298142,0.37612507406490714,0.34823255495820915
8,561.34,24,8,0.041666666666666664,0.6315280246608015,0.27761120986432064,0.39558348146314753,0.3702917407315738,0.1754305004061412
8,561.34,6,2,0.16666666666666666,0.6315280246608015,0.3526112098643206,0.4455834814631475,0.3127917407315738,0.2547605801210434
8,561.34,30,10,0.03333333333333333,0.6315280246608015,0.27261120986432064,0.3922501481298142,0.4061250740649071,0.16980798021805624
8,561.34,15,5,0.06666666666666667,0.6315280246608015,0.2926112098643206,0.40558348146314754,0.3227917407315738,0.19203206903826237
8,561.34,27,9,0.037037037037037035,0.6315280246608015,0.2748334320865428,0.3937316296112957,0.387976925916759,0.1723124551615749
8,561.34,18,6,0.05555555555555555,0.6315280246608015,0.28594454319765394,0.40113903701870307,0.3372361851760182,0.1847021591311556
9,159.69,3,1,0.3333333333333333,0.17965708885538778,0.27186283554215507,0.241127586646566,0.24056379332328298,0.2509445887900999
9,159.69,21,7,0.047619047619047616,0.17965708885538778,0.10043426411358368,0.1268418723608517,0.21770665046614013,0.08213114901827834
9,159.69,18,6,0.05555555555555555,0.17965708885538778,0.10519616887548844,0.1300164755354549,0.20167490443439412,0.08741419296304637
9,159.69,9,3,0.1111111111111111,0.17965708885538778,0.13852950220882176,0.15223869775767712,0.16945268221217188,0.12331949903433174
9,159.69,30,10,0.03333333333333333,0.17965708885538778,0.09186283554215512,0.121127586646566,0.270563793323283,0.07252001404994698
9,159.69,6,2,0.16666666666666666,0.17965708885538778,0.1718628355421551,0.17446091997989932,0.17723045998994966,0.15747261395293416
9,159.69,12,4,0.08333333333333333,0.17965708885538778,0.1218628355421551,0.141127586646566,0.175563793323283,0.10559703344532875
9,159.69,15,5,0.06666666666666667,0.17965708885538778,0.11186283554215512,0.13446091997989934,0.18723045998994967,0.09474410287015311
9,159.69,24,8,0.041666666666666664,0.17965708885538778,0.0968628355421551,0.12446091997989933,0.23473045998994968,0.07814253423803194
10,888.86,15,5,0.06666666666666667,1.0,0.44,0.6266666666666666,0.43333333333333335,0.2531211189642834
10,888.86,21,7,0.047619047619047616,1.0,0.4285714285714286,0.6190476190476191,0.4638095238095238,0.24050816511240863
10,888.86,18,6,0.05555555555555555,1.0,0.43333333333333335,0.6222222222222222,0.4477777777777778,0.24579120905717664
10,888.86,9,3,0.1111111111111111,1.0,0.4666666666666667,0.6444444444444444,0.4155555555555555,0.28169651512846205
10,888.86,6,2,0.16666666666666666,1.0,0.5,0.6666666666666666,0.42333333333333334,0.31584963004706446
10,888.86,30,10,0.03333333333333333,1.0,0.42000000000000004,0.6133333333333333,0.5166666666666666,0.23089703014407728
11,498.36,9,3,0.1111111111111111,0.5606732218797111,0.2909359554185511,0.38084837757227114,0.2837575221194689,0.20728754515741257
11,498.36,18,6,0.05555555555555555,0.5606732218797111,0.2576026220852178,0.3586261553500489,0.3159797443416911,0.17138223908612718
11,498.36,6,2,0.16666666666666666,0.5606732218797111,0.32426928875188443,0.40307059979449333,0.2915352998972467,0.241440660076015
11,498.36,21,7,0.047619047619047616,0.5606732218797111,0.25284071732331304,0.3554515521754457,0.33201149037343713,0.16609919514135918
11,498.36,3,1,0.3333333333333333,0.5606732218797111,0.4242692887518844,0.46973726646116,0.35486863323058004,0.3349126349131807
11,498.36,27,9,0.037037037037037035,0.5606732218797111,0.24649151097410668,0.3512187479426415,0.3667204850824319,0.15899253511654649
11,498.36,24,8,0.041666666666666664,0.5606732218797111,0.24926928875188445,0.35307059979449334,0.3490352998972467,0.16211058036111278
11,498.36,30,10,0.03333333333333333,0.5606732218797111,0.24426928875188444,0.34973726646116,0.38486863323058,0.15648806017302783
11,498.36,12,4,0.08333333333333333,0.5606732218797111,0.27426928875188444,0.36973726646116,0.28986863323058,0.18956507956840957
12,403.61,24,8,0.041666666666666664,0.4540760074702428,0.20663040298809712,0.2891122711488123,0.3170561355744062,0.14088659190933966
12,403.61,3,1,0.3333333333333333,0.4540760074702428,0.38163040298809714,0.405778937815479,0.3228894689077395,0.3136886464614076
12,403.61,21,7,0.047619047619047616,0.4540760074702428,0.2102018315595257,0.2914932235297647,0.3000323260505966,0.14487520668958606
12,403.61,9,3,0.1111111111111111,0.4540760074702428,0.24829706965476378,0.3168900489265901,0.2517783577966284,0.18606355670563945
12,403.61,6,2,0.16666666666666666,0.4540760074702428,0.2816304029880971,0.3391122711488123,0.25955613557440615,0.22021667162424186
12,403.61,12,4,0.08333333333333333,0.4540760074702428,0.23163040298809712,0.305778937815479,0.2578894689077395,0.16834109111663648
12,403.61,18,6,0.05555555555555555,0.4540760074702428,0.21496373632143045,0.29466782670436786,0.2840005800188506,0.15015825063435406
12,403.61,30,10,0.03333333333333333,0.4540760074702428,0.20163040298809712,0.285778937815479,0.35288946890773953,0.1352640717212547
13,433.31,18,6,0.05555555555555555,0.4874895934117859,0.2283291706980477,0.3147159782692937,0.29402465580131354,0.15697401360543867
13,433.31,3,1,0.3333333333333333,0.4874895934117859,0.39499583736471433,0.4258270893804048,0.3329135446902024,0.3205044094324922
13,433.31,15,5,0.06666666666666667,0.4874895934117859,0.23499583736471438,0.3191604227137382,0.27958021135686906,0.1643039235125454
13,433.31,24,8,0.041666666666666664,0.4874895934117859,0.21999583736471437,0.30916042271373817,0.32708021135686915,0.14770235488042424
13,433.31,9,3,0.1111111111111111,0.4874895934117859,0.261662504031381,0.33693820049151596,0.2618024335790913,0.19287931967672406
13,433.31,30,10,0.03333333333333333,0.4874895934117859,0.21499583736471437,0.3058270893804048,0.3629135446902024,0.14207983469233929
13,433.31,21,7,0.047619047619047616,0.4874895934117859,0.22356726593614296,0.31154137509469054,0.31005640183305955,0.15169096966067064
13,433.31,12,4,0.08333333333333333,0.4874895934117859,0.24499583736471436,0.32582708938040483,0.26791354469020245,0.17515685408772105
14,711.53,9,3,0.1111111111111111,0.8004972661611502,0.3868655731311268,0.5247428041411345,0.35570473540390063,0.2501712266788937
14,711.53,30,10,0.03333333333333333,0.8004972661611502,0.34019890646446016,0.4936316930300234,0.4568158465150117,0.1993717416945089
14,711.53,12,4,0.08333333333333333,0.8004972661611502,0.37019890646446013,0.5136316930300234,0.36181584651501175,0.23244876108989065
14,711.53,15,5,0.06666666666666667,0.8004972661611502,0.3601989064644601,0.5069650263633567,0.37348251318167835,0.22159583051471504
14,711.53,6,2,0.16666666666666666,0.8004972661611502,0.4201989064644601,0.5469650263633568,0.36348251318167835,0.2843243415974961
14,711.53,18,6,0.05555555555555555,0.8004972661611502,0.35353223979779347,0.5025205819189124,0.38792695762612284,0.21426592060760827
14,711.53,21,7,0.047619047619047616,0.8004972661611502,0.3487703350358887,0.49934597874430914,0.4039587036578689,0.20898287666284027
14,711.53,24,8,0.041666666666666664,0.8004972661611502,0.34519890646446016,0.49696502636335677,0.4209825131816784,0.20499426188259387
15,561.34,21,7,0.047619047619047616,0.6315280246608015,0.2811826384357492,0.3979644338440999,0.35326793120776423,0.1794191151863876
15,561.34,18,6,0.05555555555555555,0.6315280246608015,0.28594454319765394,0.40113903701870307,0.3372361851760182,0.1847021591311556
15,561.34,3,1,0.3333333333333333,0.6315280246608015,0.4526112098643206,0.5122501481298142,0.37612507406490714,0.34823255495820915
15,561.34,27,9,0.037037037037037035,0.6315280246608015,0.2748334320865428,0.3937316296112957,0.387976925916759,0.1723124551615749
15,561.34,12,4,0.08333333333333333,0.6315280246608015,0.3026112098643206,0.4122501481298142,0.3111250740649071,0.20288499961343798
15,561.34,9,3,0.1111111111111111,0.6315280246608015,0.31927787653098727,0.4233612592409253,0.305013962953796,0.22060746520244098
15,561.34,15,5,0.06666666666666667,0.6315280246608015,0.2926112098643206,0.40558348146314754,0.3227917407315738,0.19203206903826237
15,561.34,6,2,0.16666666666666666,0.6315280246608015,0.3526112098643206,0.4455834814631475,0.3127917407315738,0.2547605801210434
17,529.57,3,1,0.3333333333333333,0.5957856130324236,0.43831424521296947,0.4908047011527875,0.36540235057639375,0.3415872994155247
17,529.57,18,6,0.05555555555555555,0.5957856130324236,0.2716475785463028,0.37969359004167635,0.32651346168750484,0.17805690358847115
17,529.57,30,10,0.03333333333333333,0.5957856130324236,0.2583142452129695,0.37080470115278746,0.3954023505763937,0.1631627246753718
17,529.57,24,8,0.041666666666666664,0.5957856130324236,0.2633142452129695,0.3741380344861208,0.35956901724306045,0.16878524486345675
17,529.57,15,5,0.06666666666666667,0.5957856130324236,0.27831424521296944,0.3841380344861208,0.3120690172430604,0.18538681349557792
17,529.57,9,3,0.1111111111111111,0.5957856130324236,0.3049809118796361,0.4019158122638986,0.29429123946528263,0.21396220965975654
17,529.57,21,7,0.047619047619047616,0.5957856130324236,0.26688567378439804,0.3765189868670732,0.3425452077192509,0.17277385964370315
17,529.57,6,2,0.16666666666666666,0.5957856130324236,0.33831424521296943,0.4241380344861208,0.30206901724306046,0.24811532457835894
18,230.28,18,6,0.05555555555555555,0.2590734198861463,0.13696270128779187,0.17766627415391,0.22549980374362166,0.10695987570780471
18,230.28,24,8,0.041666666666666664,0.2590734198861463,0.12862936795445853,0.17211071859835445,0.2585553592991773,0.09768821698279032
18,230.28,30,10,0.03333333333333333,0.2590734198861463,0.12362936795445853,0.16877738526502112,0.29438869263251055,0.09206569679470535
18,230.28,21,7,0.047619047619047616,0.2590734198861463,0.1322007965258871,0.17449167097930685,0.24153154977536767,0.10167683176303671
18,230.28,6,2,0.16666666666666666,0.2590734198861463,0.20362936795445852,0.22211071859835446,0.20105535929917723,0.17701829669769253
18,230.28,12,4,0.08333333333333333,0.2590734198861463,0.15362936795445853,0.1887773852650211,0.19938869263251058,0.1251427161900871
18,230.28,3,1,0.3333333333333333,0.2590734198861463,0.3036293679544585,0.2887773852650211,0.2643886926325106,0.2704902715348583
18,230.28,15,5,0.06666666666666667,0.2590734198861463,0.14362936795445852,0.18211071859835445,0.21105535929917724,0.11428978561491149
18,230.28,9,3,0.1111111111111111,0.2590734198861463,0.1702960346211252,0.19988849637613224,0.19327758152139946,0.1428651817790901
18,230.28,27,9,0.037037037037037035,0.2590734198861463,0.12585159017668074,0.1702588667465026,0.2762405444843624,0.09457017173822402
19,433.31,9,3,0.1111111111111111,0.4874895934117859,0.261662504031381,0.33693820049151596,0.2618024335790913,0.19287931967672406
19,433.31,18,6,0.05555555555555555,0.4874895934117859,0.2283291706980477,0.3147159782692937,0.29402465580131354,0.15697401360543867
19,433.31,15,5,0.06666666666666667,0.4874895934117859,0.23499583736471438,0.3191604227137382,0.27958021135686906,0.1643039235125454
19,433.31,21,7,0.047619047619047616,0.4874895934117859,0.22356726593614296,0.31154137509469054,0.31005640183305955,0.15169096966067064
19,433.31,12,4,0.08333333333333333,0.4874895934117859,0.24499583736471436,0.32582708938040483,0.26791354469020245,0.17515685408772105
19,433.31,30,10,0.03333333333333333,0.4874895934117859,0.21499583736471437,0.3058270893804048,0.3629135446902024,0.14207983469233929
19,433.31,6,2,0.16666666666666666,0.4874895934117859,0.29499583736471435,0.35916042271373816,0.26958021135686905,0.22703243459532646
20,498.36,9,3,0.1111111111111111,0.5606732218797111,0.2909359554185511,0.38084837757227114,0.2837575221194689,0.20728754515741257
20,498.36,30,10,0.03333333333333333,0.5606732218797111,0.24426928875188444,0.34973726646116,0.38486863323058,0.15648806017302783
20,498.36,15,5,0.06666666666666667,0.5606732218797111,0.26426928875188443,0.36307059979449335,0.3015352998972467,0.17871214899323395
20,498.36,18,6,0.05555555555555555,0.5606732218797111,0.2576026220852178,0.3586261553500489,0.3159797443416911,0.17138223908612718
20,498.36,12,4,0.08333333333333333,0.5606732218797111,0.27426928875188444,0.36973726646116,0.28986863323058,0.18956507956840957
20,498.36,21,7,0.047619047619047616,0.5606732218797111,0.25284071732331304,0.3554515521754457,0.33201149037343713,0.16609919514135918
20,498.36,27,9,0.037037037037037035,0.5606732218797111,0.24649151097410668,0.3512187479426415,0.3667204850824319,0.15899253511654649
20,498.36,3,1,0.3333333333333333,0.5606732218797111,0.4242692887518844,0.46973726646116,0.35486863323058004,0.3349126349131807
21,657.73,12,4,0.08333333333333333,0.7399702990347187,0.3459881196138875,0.4773155127541645,0.3436577563770823,0.22219030843961796
21,657.73,6,2,0.16666666666666666,0.7399702990347187,0.39598811961388747,0.5106488460874978,0.3453244230437489,0.2740658889472234
21,657.73,15,5,0.06666666666666667,0.7399702990347187,0.33598811961388747,0.47064884608749785,0.3553244230437489,0.21133737786444234
21,657.73,9,3,0.1111111111111111,0.7399702990347187,0.36265478628055414,0.48842662386527563,0.33754664526597117,0.23991277402862096
21,657.73,21,7,0.047619047619047616,0.7399702990347187,0.32455954818531607,0.4630297984684502,0.3858006135199394,0.19872442401256757
21,657.73,24,8,0.041666666666666664,0.7399702990347187,0.3209881196138875,0.46064884608749784,0.402824423043749,0.19473580923232117
21,657.73,18,6,0.05555555555555555,0.7399702990347187,0.3293214529472208,0.4662044016430534,0.3697688674881934,0.20400746795733557
21,657.73,30,10,0.03333333333333333,0.7399702990347187,0.3159881196138875,0.4573155127541645,0.43865775637708226,0.18911328904423622
21,657.73,3,1,0.3333333333333333,0.7399702990347187,0.49598811961388745,0.5773155127541645,0.40865775637708224,0.36753786378438913
21,657.73,27,9,0.037037037037037035,0.7399702990347187,0.3182103418361097,0.458796994235646,0.42050960822893413,0.19161776398775487
22,711.53,24,8,0.041666666666666664,0.8004972661611502,0.34519890646446016,0.49696502636335677,0.4209825131816784,0.20499426188259387
22,711.53,12,4,0.08333333333333333,0.8004972661611502,0.37019890646446013,0.5136316930300234,0.36181584651501175,0.23244876108989065
22,711.53,18,6,0.05555555555555555,0.8004972661611502,0.35353223979779347,0.5025205819189124,0.38792695762612284,0.21426592060760827
22,711.53,9,3,0.1111111111111111,0.8004972661611502,0.3868655731311268,0.5247428041411345,0.35570473540390063,0.2501712266788937
22,711.53,30,10,0.03333333333333333,0.8004972661611502,0.34019890646446016,0.4936316930300234,0.4568158465150117,0.1993717416945089
22,711.53,6,2,0.16666666666666666,0.8004972661611502,0.4201989064644601,0.5469650263633568,0.36348251318167835,0.2843243415974961
22,711.53,21,7,0.047619047619047616,0.8004972661611502,0.3487703350358887,0.49934597874430914,0.4039587036578689,0.20898287666284027
22,711.53,15,5,0.06666666666666667,0.8004972661611502,0.3601989064644601,0.5069650263633567,0.37348251318167835,0.22159583051471504
22,711.53,3,1,0.3333333333333333,0.8004972661611502,0.5201989064644601,0.6136316930300234,0.4268158465150117,0.3777963164346618
23,403.61,21,7,0.047619047619047616,0.4540760074702428,0.2102018315595257,0.2914932235297647,0.3000323260505966,0.14487520668958606
23,403.61,3,1,0.3333333333333333,0.4540760074702428,0.38163040298809714,0.405778937815479,0.3228894689077395,0.3136886464614076
23,403.61,9,3,0.1111111111111111,0.4540760074702428,0.24829706965476378,0.3168900489265901,0.2517783577966284,0.18606355670563945
23,403.61,24,8,0.041666666666666664,0.4540760074702428,0.20663040298809712,0.2891122711488123,0.3170561355744062,0.14088659190933966
23,403.61,12,4,0.08333333333333333,0.4540760074702428,0.23163040298809712,0.305778937815479,0.2578894689077395,0.16834109111663648
23,403.61,30,10,0.03333333333333333,0.4540760074702428,0.20163040298809712,0.285778937815479,0.35288946890773953,0.1352640717212547
23,403.61,18,6,0.05555555555555555,0.4540760074702428,0.21496373632143045,0.29466782670436786,0.2840005800188506,0.15015825063435406
23,403.61,15,5,0.06666666666666667,0.4540760074702428,0.22163040298809714,0.29911227114881234,0.26955613557440616,0.15748816054146084
24,85.5,12,4,0.08333333333333333,0.09619062619535135,0.08847625047814053,0.09104770905054413,0.1505238545252721,0.0835822260951607
24,85.5,9,3,0.1111111111111111,0.09619062619535135,0.10514291714480721,0.10215882016165526,0.14441274341416094,0.10130469168416369
24,85.5,15,5,0.06666666666666667,0.09619062619535135,0.07847625047814055,0.08438104238387747,0.16219052119193875,0.07272929551998505
24,85.5,3,1,0.3333333333333333,0.09619062619535135,0.23847625047814053,0.19104770905054413,0.21552385452527206,0.2289297814399318
24,85.5,30,10,0.03333333333333333,0.09619062619535135,0.05847625047814055,0.07104770905054414,0.2455238545252721,0.050505206699778926
24,85.5,18,6,0.05555555555555555,0.09619062619535135,0.07180958381147387,0.07993659793943303,0.17663496563638317,0.06539938561287831
24,85.5,6,2,0.16666666666666666,0.09619062619535135,0.13847625047814055,0.12438104238387747,0.15219052119193874,0.1354578066027661
24,85.5,21,7,0.047619047619047616,0.09619062619535135,0.06704767904956911,0.07676199476482985,0.1926667116681292,0.060116341668110286
25,561.34,6,2,0.16666666666666666,0.6315280246608015,0.3526112098643206,0.4455834814631475,0.3127917407315738,0.2547605801210434
25,561.34,15,5,0.06666666666666667,0.6315280246608015,0.2926112098643206,0.40558348146314754,0.3227917407315738,0.19203206903826237
25,561.34,30,10,0.03333333333333333,0.6315280246608015,0.27261120986432064,0.3922501481298142,0.4061250740649071,0.16980798021805624
25,561.34,18,6,0.05555555555555555,0.6315280246608015,0.28594454319765394,0.40113903701870307,0.3372361851760182,0.1847021591311556
25,561.34,9,3,0.1111111111111111,0.6315280246608015,0.31927787653098727,0.4233612592409253,0.305013962953796,0.22060746520244098
25,561.34,12,4,0.08333333333333333,0.6315280246608015,0.3026112098643206,0.4122501481298142,0.3111250740649071,0.20288499961343798
25,561.34,3,1,0.3333333333333333,0.6315280246608015,0.4526112098643206,0.5122501481298142,0.37612507406490714,0.34823255495820915
25,561.34,21,7,0.047619047619047616,0.6315280246608015,0.2811826384357492,0.3979644338440999,0.35326793120776423,0.1794191151863876
25,561.34,24,8,0.041666666666666664,0.6315280246608015,0.27761120986432064,0.39558348146314753,0.3702917407315738,0.1754305004061412
26,299.5,30,10,0.03333333333333333,0.3369484508246518,0.15477938032986072,0.2155024038281244,0.3177512019140622,0.11006979843317204
26,299.5,6,2,0.16666666666666666,0.3369484508246518,0.23477938032986073,0.26883573716145776,0.22441786858072887,0.1950223983361592
26,299.5,15,5,0.06666666666666667,0.3369484508246518,0.17477938032986073,0.22883573716145775,0.23441786858072888,0.13229388725337818
26,299.5,24,8,0.041666666666666664,0.3369484508246518,0.15977938032986072,0.21883573716145774,0.28191786858072887,0.115692318621257
26,299.5,3,1,0.3333333333333333,0.3369484508246518,0.3347793803298607,0.3355024038281244,0.2877512019140622,0.28849437317332494
26,299.5,21,7,0.047619047619047616,0.3369484508246518,0.16335080890128928,0.22121668954241014,0.2648940590569193,0.1196809334015034
26,299.5,18,6,0.05555555555555555,0.3369484508246518,0.16811271366319405,0.2243912927170133,0.2488623130251733,0.1249639773462714
26,299.5,12,4,0.08333333333333333,0.3369484508246518,0.18477938032986072,0.2355024038281244,0.22275120191406222,0.14314681782855382
27,403.61,12,4,0.08333333333333333,0.4540760074702428,0.23163040298809712,0.305778937815479,0.2578894689077395,0.16834109111663648
27,403.61,18,6,0.05555555555555555,0.4540760074702428,0.21496373632143045,0.29466782670436786,0.2840005800188506,0.15015825063435406
27,403.61,30,10,0.03333333333333333,0.4540760074702428,0.20163040298809712,0.285778937815479,0.35288946890773953,0.1352640717212547
27,403.61,3,1,0.3333333333333333,0.4540760074702428,0.38163040298809714,0.405778937815479,0.3228894689077395,0.3136886464614076
27,403.61,6,2,0.16666666666666666,0.4540760074702428,0.2816304029880971,0.3391122711488123,0.25955613557440615,0.22021667162424186
27,403.61,24,8,0.041666666666666664,0.4540760074702428,0.20663040298809712,0.2891122711488123,0.3170561355744062,0.14088659190933966
27,403.61,9,3,0.1111111111111111,0.4540760074702428,0.24829706965476378,0.3168900489265901,0.2517783577966284,0.18606355670563945
27,403.61,21,7,0.047619047619047616,0.4540760074702428,0.2102018315595257,0.2914932235297647,0.3000323260505966,0.14487520668958606
28,661.01,18,6,0.05555555555555555,0.7436604189636163,0.33079750091877985,0.468418473600392,0.37087590346686267,0.20464303267836315
28,661.01,12,4,0.08333333333333333,0.7436604189636163,0.3474641675854465,0.47952958471150314,0.3447647923557516,0.22282587316064556
28,661.01,21,7,0.047619047619047616,0.7436604189636163,0.3260355961568751,0.46524387042578885,0.3869076494986087,0.19935998873359514
28,661.01,15,5,0.06666666666666667,0.7436604189636163,0.3374641675854465,0.4728629180448365,0.35643145902241824,0.21197294258546992
28,661.01,6,2,0.16666666666666666,0.7436604189636163,0.3974641675854465,0.5128629180448365,0.34643145902241823,0.27470145366825094
28,661.01,9,3,0.1111111111111111,0.7436604189636163,0.3641308342521132,0.49064069582261427,0.33865368124464046,0.24054833874964854
28,661.01,30,10,0.03333333333333333,0.7436604189636163,0.31746416758544654,0.4595295847115031,0.4397647923557516,0.1897488537652638
28,661.01,24,8,0.041666666666666664,0.7436604189636163,0.32246416758544655,0.4628629180448365,0.4039314590224183,0.19537137395334875
29,388.44,12,4,0.08333333333333333,0.43700920279909095,0.2248036811196364,0.29553885501278787,0.252769427506394,0.16479909874680965
29,388.44,21,7,0.047619047619047616,0.43700920279909095,0.20337510969106498,0.2812531407270736,0.29491228464925107,0.14133321431975923
29,388.44,24,8,0.041666666666666664,0.43700920279909095,0.1998036811196364,0.2788721883461212,0.3119360941730607,0.13734459953951283
29,388.44,9,3,0.1111111111111111,0.43700920279909095,0.24147034778630305,0.306649966123899,0.24665831639528282,0.18252156433581262
29,388.44,3,1,0.3333333333333333,0.43700920279909095,0.37480368111963636,0.39553885501278785,0.3177694275063939,0.31014665409158076
29,388.44,15,5,0.06666666666666667,0.43700920279909095,0.2148036811196364,0.2888721883461212,0.2644360941730606,0.153946168171634
29,388.44,6,2,0.16666666666666666,0.43700920279909095,0.2748036811196364,0.3288721883461212,0.25443609417306057,0.21667467925441505
29,388.44,30,10,0.03333333333333333,0.43700920279909095,0.1948036811196364,0.27553885501278785,0.34776942750639395,0.13172207935142788
30,582.19,18,6,0.05555555555555555,0.654985037013703,0.29532734813881456,0.415213244430444,0.3442732888818887,0.18898464520183963
30,582.19,21,7,0.047619047619047616,0.654985037013703,0.2905654433769098,0.41203864125584083,0.3603050349136347,0.18370160125707163
30,582.19,30,10,0.03333333333333333,0.654985037013703,0.28199401480548125,0.4063243555415551,0.41316217777077757,0.17409046628874028
30,582.19,15,5,0.06666666666666667,0.654985037013703,0.3019940148054812,0.41965768887488847,0.3298288444374442,0.1963145551089464
30,582.19,3,1,0.3333333333333333,0.654985037013703,0.4619940148054812,0.5263243555415551,0.38316217777077755,0.3525150410288932
30,582.19,12,4,0.08333333333333333,0.654985037013703,0.3119940148054812,0.4263243555415551,0.3181621777707776,0.20716748568412202
30,582.19,6,2,0.16666666666666666,0.654985037013703,0.3619940148054812,0.45965768887488845,0.3198288444374442,0.25904306619172746
30,582.19,24,8,0.041666666666666664,0.654985037013703,0.28699401480548126,0.40965768887488846,0.3773288444374443,0.17971298647682524
31,472.04,3,1,0.3333333333333333,0.5310622595234346,0.4124249038093738,0.451970689047394,0.345985344523697,0.32916598524684304
31,472.04,27,9,0.037037037037037035,0.5310622595234346,0.23464712603159607,0.33345217052887555,0.3578371963755489,0.15324588545020879
31,472.04,6,2,0.16666666666666666,0.5310622595234346,0.3124249038093738,0.38530402238072736,0.28265201119036365,0.2356940104096773
31,472.04,15,5,0.06666666666666667,0.5310622595234346,0.2524249038093738,0.3453040223807274,0.29265201119036366,0.17296549932689625
31,472.04,30,10,0.03333333333333333,0.5310622595234346,0.23242490380937383,0.331970689047394,0.37598534452369703,0.15074141050669013
31,472.04,18,6,0.05555555555555555,0.5310622595234346,0.24575823714270717,0.3408595779362829,0.30709645563480814,0.16563558941978948
31,472.04,9,3,0.1111111111111111,0.5310622595234346,0.2790915704760405,0.36308180015850516,0.2748742334125859,0.20154089549107487
31,472.04,21,7,0.047619047619047616,0.5310622595234346,0.24099633238080242,0.33768497476167975,0.32312820166655415,0.16035254547502148
31,472.04,12,4,0.08333333333333333,0.5310622595234346,0.26242490380937383,0.35197068904739404,0.28098534452369706,0.18381842990207187
32,302.81,3,1,0.3333333333333333,0.34067232185046015,0.33626892874018405,0.3377367264436094,0.2888683632218047,0.2893288169746264
32,302.81,12,4,0.08333333333333333,0.34067232185046015,0.18626892874018405,0.2377367264436094,0.22386836322180473,0.1439812616298553
32,302.81,6,2,0.16666666666666666,0.34067232185046015,0.23626892874018407,0.27107005977694276,0.22553502988847138,0.1958568421374607
32,302.81,18,6,0.05555555555555555,0.34067232185046015,0.1696022620735174,0.2266256153324983,0.2499794743329158,0.12579842114757292
32,302.81,30,10,0.03333333333333333,0.34067232185046015,0.15626892874018405,0.21773672644360942,0.31886836322180473,0.11090424223447354
32,302.81,24,8,0.041666666666666664,0.34067232185046015,0.16126892874018406,0.22107005977694275,0.2830350298884714,0.1165267624225585
32,302.81,21,7,0.047619047619047616,0.34067232185046015,0.16484035731161262,0.22345101215789515,0.26601122036466185,0.12051537720280489
32,302.81,27,9,0.037037037037037035,0.34067232185046015,0.1584911509624063,0.2192182079250909,0.3007202150736566,0.11340871717799221
33,711.53,9,3,0.1111111111111111,0.8004972661611502,0.3868655731311268,0.5247428041411345,0.35570473540390063,0.2501712266788937
33,711.53,30,10,0.03333333333333333,0.8004972661611502,0.34019890646446016,0.4936316930300234,0.4568158465150117,0.1993717416945089
33,711.53,18,6,0.05555555555555555,0.8004972661611502,0.35353223979779347,0.5025205819189124,0.38792695762612284,0.21426592060760827
33,711.53,21,7,0.047619047619047616,0.8004972661611502,0.3487703350358887,0.49934597874430914,0.4039587036578689,0.20898287666284027
33,711.53,24,8,0.041666666666666664,0.8004972661611502,0.34519890646446016,0.49696502636335677,0.4209825131816784,0.20499426188259387
33,711.53,6,2,0.16666666666666666,0.8004972661611502,0.4201989064644601,0.5469650263633568,0.36348251318167835,0.2843243415974961
33,711.53,27,9,0.037037037037037035,0.8004972661611502,0.34242112868668234,0.49511317451150494,0.4386676983668636,0.20187621663802757
33,711.53,3,1,0.3333333333333333,0.8004972661611502,0.5201989064644601,0.6136316930300234,0.4268158465150117,0.3777963164346618
35,390.98,21,7,0.047619047619047616,0.4398667956708593,0.20451814683977232,0.2829676964501346,0.29576956251078157,0.1419291928352934
35,390.98,3,1,0.3333333333333333,0.4398667956708593,0.3759467182683437,0.39725341073584886,0.3186267053679245,0.31074263260711493
35,390.98,9,3,0.1111111111111111,0.4398667956708593,0.2426133849350104,0.30836452184696,0.24751559425681333,0.1831175428513468
35,390.98,24,8,0.041666666666666664,0.4398667956708593,0.20094671826834373,0.2805867440691822,0.3127933720345911,0.137940578055047
35,390.98,18,6,0.05555555555555555,0.4398667956708593,0.20928005160167706,0.28614229962473775,0.27973781647903556,0.14721223678006143
35,390.98,6,2,0.16666666666666666,0.4398667956708593,0.2759467182683437,0.3305867440691822,0.2552933720345911,0.21727065776994922
35,390.98,15,5,0.06666666666666667,0.4398667956708593,0.21594671826834375,0.2905867440691822,0.26529337203459114,0.15454214668716817
35,390.98,30,10,0.03333333333333333,0.4398667956708593,0.19594671826834373,0.27725341073584886,0.34862670536792445,0.13231805786696205
35,390.98,12,4,0.08333333333333333,0.4398667956708593,0.22594671826834373,0.2972534107358489,0.2536267053679244,0.16539507726234381
36,85.5,18,6,0.05555555555555555,0.09619062619535135,0.07180958381147387,0.07993659793943303,0.17663496563638317,0.06539938561287831
36,85.5,30,10,0.03333333333333333,0.09619062619535135,0.05847625047814055,0.07104770905054414,0.2455238545252721,0.050505206699778926
36,85.5,12,4,0.08333333333333333,0.09619062619535135,0.08847625047814053,0.09104770905054413,0.1505238545252721,0.0835822260951607
36,85.5,9,3,0.1111111111111111,0.09619062619535135,0.10514291714480721,0.10215882016165526,0.14441274341416094,0.10130469168416369
36,85.5,6,2,0.16666666666666666,0.09619062619535135,0.13847625047814055,0.12438104238387747,0.15219052119193874,0.1354578066027661
36,85.5,3,1,0.3333333333333333,0.09619062619535135,0.23847625047814053,0.19104770905054413,0.21552385452527206,0.2289297814399318
36,85.5,21,7,0.047619047619047616,0.09619062619535135,0.06704767904956911,0.07676199476482985,0.1926667116681292,0.060116341668110286
36,85.5,24,8,0.041666666666666664,0.09619062619535135,0.06347625047814054,0.07438104238387747,0.20969052119193876,0.05612772688786389
36,85.5,15,5,0.06666666666666667,0.09619062619535135,0.07847625047814055,0.08438104238387747,0.16219052119193875,0.07272929551998505
37,888.86,15,5,0.06666666666666667,1.0,0.44,0.6266666666666666,0.43333333333333335,0.2531211189642834
37,888.86,3,1,0.3333333333333333,1.0,0.6,0.7333333333333333,0.4866666666666667,0.4093216048842302
37,888.86,6,2,0.16666666666666666,1.0,0.5,0.6666666666666666,0.42333333333333334,0.31584963004706446
37,888.86,18,6,0.05555555555555555,1.0,0.43333333333333335,0.6222222222222222,0.4477777777777778,0.24579120905717664
37,888.86,12,4,0.08333333333333333,1.0,0.45,0.6333333333333333,0.4216666666666667,0.263974049539459
37,888.86,21,7,0.047619047619047616,1.0,0.4285714285714286,0.6190476190476191,0.4638095238095238,0.24050816511240863
37,888.86,27,9,0.037037037037037035,1.0,0.4222222222222222,0.6148148148148148,0.4985185185185186,0.23340150508759594
37,888.86,30,10,0.03333333333333333,1.0,0.42000000000000004,0.6133333333333333,0.5166666666666666,0.23089703014407728
37,888.86,9,3,0.1111111111111111,1.0,0.4666666666666667,0.6444444444444444,0.4155555555555555,0.28169651512846205
37,888.86,24,8,0.041666666666666664,1.0,0.42500000000000004,0.6166666666666667,0.48083333333333333,0.23651955033216224
38,372.78,21,7,0.047619047619047616,0.41939113021173186,0.19632788065612133,0.27068229717465814,0.28962686287304334,0.13763241038013835
38,372.78,12,4,0.08333333333333333,0.41939113021173186,0.21775645208469274,0.28496801146037243,0.24748400573018622,0.16109829480718876
38,372.78,30,10,0.03333333333333333,0.41939113021173186,0.18775645208469274,0.2649680114603724,0.3424840057301862,0.128021275411807
38,372.78,27,9,0.037037037037037035,0.41939113021173186,0.18997867430691498,0.26644949294185394,0.3243358575820381,0.13052575035532568
38,372.78,24,8,0.041666666666666664,0.41939113021173186,0.19275645208469275,0.26830134479370576,0.30665067239685295,0.13364379559989195
38,372.78,18,6,0.05555555555555555,0.41939113021173186,0.20108978541802608,0.2738569003492613,0.27359511684129734,0.14291545432490638
38,372.78,3,1,0.3333333333333333,0.41939113021173186,0.36775645208469276,0.3849680114603724,0.3124840057301862,0.3064458501519599
38,372.78,15,5,0.06666666666666667,0.41939113021173186,0.20775645208469276,0.2783013447937058,0.25915067239685285,0.15024536423201312
38,372.78,6,2,0.16666666666666666,0.41939113021173186,0.26775645208469273,0.31830134479370575,0.24915067239685287,0.21297387531479417
39,830.4,21,7,0.047619047619047616,0.9342303624867808,0.40226357356614095,0.5795858365396875,0.444078632555558,0.23047686150697336
39,830.4,30,10,0.03333333333333333,0.9342303624867808,0.3936921449947124,0.5738715508254018,0.4969357754127009,0.220865726538642
39,830.4,3,1,0.3333333333333333,0.9342303624867808,0.5736921449947123,0.6938715508254018,0.4669357754127009,0.3992903012787949
39,830.4,6,2,0.16666666666666666,0.9342303624867808,0.47369214499471235,0.6272048841587351,0.4036024420793676,0.30581832644162915
39,830.4,15,5,0.06666666666666667,0.9342303624867808,0.41369214499471235,0.5872048841587351,0.4136024420793676,0.24308981535884813
39,830.4,12,4,0.08333333333333333,0.9342303624867808,0.42369214499471236,0.5938715508254018,0.4019357754127009,0.2539427459340238
39,830.4,18,6,0.05555555555555555,0.9342303624867808,0.4070254783280457,0.5827604397142907,0.428046886523812,0.23575990545174136
39,830.4,9,3,0.1111111111111111,0.9342303624867808,0.440358811661379,0.6049826619365128,0.39582466430158975,0.27166521152302675
40,256.17,12,4,0.08333333333333333,0.2882006165200369,0.16528024660801477,0.20625370324535547,0.20812685162267774,0.13200380748773
40,256.17,6,2,0.16666666666666666,0.2882006165200369,0.21528024660801476,0.2395870365786888,0.20979351828934442,0.1838793879953354
40,256.17,24,8,0.041666666666666664,0.2882006165200369,0.14028024660801477,0.1895870365786888,0.26729351828934445,0.10454930828043318
40,256.17,18,6,0.05555555555555555,0.2882006165200369,0.1486135799413481,0.19514259213424437,0.23423796273378883,0.11382096700544761
40,256.17,27,9,0.037037037037037035,0.2882006165200369,0.137502468830237,0.18773518472683695,0.2849787034745296,0.1014312630358669
40,256.17,15,5,0.06666666666666667,0.2882006165200369,0.1552802466080148,0.19958703657868881,0.2197935182893444,0.12115087691255436
40,256.17,30,10,0.03333333333333333,0.2882006165200369,0.13528024660801477,0.18625370324535548,0.3031268516226777,0.09892678809234823
40,256.17,9,3,0.1111111111111111,0.2882006165200369,0.18194691327468143,0.2173648143564666,0.20201574051156662,0.14972627307673297
40,256.17,3,1,0.3333333333333333,0.2882006165200369,0.3152802466080148,0.3062537032453555,0.27312685162267775,0.2773513628325011
41,837.68,12,4,0.08333333333333333,0.9424206286704317,0.4269682514681727,0.5987857105355924,0.4043928552677962,0.25521037797853574
41,837.68,18,6,0.05555555555555555,0.9424206286704317,0.410301584801506,0.5876745994244813,0.4305039663789073,0.23702753749625335
41,837.68,15,5,0.06666666666666667,0.9424206286704317,0.4169682514681727,0.5921190438689257,0.41605952193446283,0.24435744740336013
41,837.68,21,7,0.047619047619047616,0.9424206286704317,0.4055396800396013,0.5844999962498781,0.4465357124106534,0.23174449355148535
41,837.68,3,1,0.3333333333333333,0.9424206286704317,0.5769682514681727,0.6987857105355924,0.46939285526779617,0.4005579333233069
41,837.68,30,10,0.03333333333333333,0.9424206286704317,0.3969682514681727,0.5787857105355924,0.4993928552677962,0.222133358583154
41,837.68,6,2,0.16666666666666666,0.9424206286704317,0.4769682514681727,0.6321190438689257,0.4060595219344628,0.3070859584861412
41,837.68,27,9,0.037037037037037035,0.9424206286704317,0.3991904736903949,0.5802671920170739,0.48124470711964806,0.22463783352667266
41,837.68,9,3,0.1111111111111111,0.9424206286704317,0.44363491813483935,0.6098968216467034,0.3982817441566851,0.2729328435675388
41,837.68,24,8,0.041666666666666664,0.9424206286704317,0.4019682514681727,0.5821190438689258,0.46355952193446287,0.22775587877123896
42,455.56,3,1,0.3333333333333333,0.512521656953851,0.40500866278154035,0.4408463275056439,0.340423163752822,0.3255109195565034
42,455.56,30,10,0.03333333333333333,0.512521656953851,0.2250086627815404,0.3208463275056439,0.37042316375282197,0.1470863448163505
42,455.56,24,8,0.041666666666666664,0.512521656953851,0.2300086627815404,0.32417966083897726,0.33458983041948864,0.15270886500443545
42,455.56,21,7,0.047619047619047616,0.512521656953851,0.23358009135296898,0.32656061321992963,0.3175660208956791,0.15669747978468185
42,455.56,18,6,0.05555555555555555,0.512521656953851,0.23834199611487372,0.3297352163945328,0.3015342748639331,0.16198052372944988
42,455.56,15,5,0.06666666666666667,0.512521656953851,0.2450086627815404,0.33417966083897727,0.28708983041948866,0.16931043363655662
42,455.56,9,3,0.1111111111111111,0.512521656953851,0.27167532944820705,0.35195743861675505,0.2693120526417109,0.19788582980073527
42,455.56,6,2,0.16666666666666666,0.512521656953851,0.3050086627815404,0.37417966083897725,0.27708983041948865,0.23203894471933767
42,455.56,12,4,0.08333333333333333,0.512521656953851,0.2550086627815404,0.3408463275056439,0.27542316375282194,0.18016336421173226
43,256.17,30,10,0.03333333333333333,0.2882006165200369,0.13528024660801477,0.18625370324535548,0.3031268516226777,0.09892678809234823
43,256.17,6,2,0.16666666666666666,0.2882006165200369,0.21528024660801476,0.2395870365786888,0.20979351828934442,0.1838793879953354
43,256.17,21,7,0.047619047619047616,0.2882006165200369,0.14385167517944336,0.19196798895964118,0.2502697087655349,0.10853792306067958
43,256.17,15,5,0.06666666666666667,0.2882006165200369,0.1552802466080148,0.19958703657868881,0.2197935182893444,0.12115087691255436
43,256.17,18,6,0.05555555555555555,0.2882006165200369,0.1486135799413481,0.19514259213424437,0.23423796273378883,0.11382096700544761
43,256.17,3,1,0.3333333333333333,0.2882006165200369,0.3152802466080148,0.3062537032453555,0.27312685162267775,0.2773513628325011
43,256.17,12,4,0.08333333333333333,0.2882006165200369,0.16528024660801477,0.20625370324535547,0.20812685162267774,0.13200380748773
43,256.17,24,8,0.041666666666666664,0.2882006165200369,0.14028024660801477,0.1895870365786888,0.26729351828934445,0.10454930828043318
43,256.17,9,3,0.1111111111111111,0.2882006165200369,0.18194691327468143,0.2173648143564666,0.20201574051156662,0.14972627307673297
44,711.53,9,3,0.1111111111111111,0.8004972661611502,0.3868655731311268,0.5247428041411345,0.35570473540390063,0.2501712266788937
44,711.53,6,2,0.16666666666666666,0.8004972661611502,0.4201989064644601,0.5469650263633568,0.36348251318167835,0.2843243415974961
44,711.53,15,5,0.06666666666666667,0.8004972661611502,0.3601989064644601,0.5069650263633567,0.37348251318167835,0.22159583051471504
44,711.53,12,4,0.08333333333333333,0.8004972661611502,0.37019890646446013,0.5136316930300234,0.36181584651501175,0.23244876108989065
44,711.53,30,10,0.03333333333333333,0.8004972661611502,0.34019890646446016,0.4936316930300234,0.4568158465150117,0.1993717416945089
44,711.53,18,6,0.05555555555555555,0.8004972661611502,0.35353223979779347,0.5025205819189124,0.38792695762612284,0.21426592060760827
44,711.53,21,7,0.047619047619047616,0.8004972661611502,0.3487703350358887,0.49934597874430914,0.4039587036578689,0.20898287666284027
44,711.53,27,9,0.037037037037037035,0.8004972661611502,0.34242112868668234,0.49511317451150494,0.4386676983668636,0.20187621663802757
45,711.53,3,1,0.3333333333333333,0.8004972661611502,0.5201989064644601,0.6136316930300234,0.4268158465150117,0.3777963164346618
45,711.53,21,7,0.047619047619047616,0.8004972661611502,0.3487703350358887,0.49934597874430914,0.4039587036578689,0.20898287666284027
45,711.53,15,5,0.06666666666666667,0.8004972661611502,0.3601989064644601,0.5069650263633567,0.37348251318167835,0.22159583051471504
45,711.53,9,3,0.1111111111111111,0.8004972661611502,0.3868655731311268,0.5247428041411345,0.35570473540390063,0.2501712266788937
45,711.53,30,10,0.03333333333333333,0.8004972661611502,0.34019890646446016,0.4936316930300234,0.4568158465150117,0.1993717416945089
45,711.53,27,9,0.037037037037037035,0.8004972661611502,0.34242112868668234,0.49511317451150494,0.4386676983668636,0.20187621663802757
45,711.53,12,4,0.08333333333333333,0.8004972661611502,0.37019890646446013,0.5136316930300234,0.36181584651501175,0.23244876108989065
45,711.53,24,8,0.041666666666666664,0.8004972661611502,0.34519890646446016,0.49696502636335677,0.4209825131816784,0.20499426188259387
46,830.4,3,1,0.3333333333333333,0.9342303624867808,0.5736921449947123,0.6938715508254018,0.4669357754127009,0.3992903012787949
46,830.4,21,7,0.047619047619047616,0.9342303624867808,0.40226357356614095,0.5795858365396875,0.444078632555558,0.23047686150697336
46,830.4,12,4,0.08333333333333333,0.9342303624867808,0.42369214499471236,0.5938715508254018,0.4019357754127009,0.2539427459340238
46,830.4,18,6,0.05555555555555555,0.9342303624867808,0.4070254783280457,0.5827604397142907,0.428046886523812,0.23575990545174136
46,830.4,30,10,0.03333333333333333,0.9342303624867808,0.3936921449947124,0.5738715508254018,0.4969357754127009,0.220865726538642
46,830.4,24,8,0.041666666666666664,0.9342303624867808,0.3986921449947124,0.5772048841587352,0.46110244207936757,0.22648824672672696
46,830.4,6,2,0.16666666666666666,0.9342303624867808,0.47369214499471235,0.6272048841587351,0.4036024420793676,0.30581832644162915
46,830.4,15,5,0.06666666666666667,0.9342303624867808,0.41369214499471235,0.5872048841587351,0.4136024420793676,0.24308981535884813
47,583.14,6,2,0.16666666666666666,0.6560538217492068,0.3624215286996827,0.4602989597161907,0.3201494798580954,0.2592367428264422
47,583.14,12,4,0.08333333333333333,0.6560538217492068,0.3124215286996827,0.4269656263828574,0.3184828131914287,0.20736116231883678
47,583.14,21,7,0.047619047619047616,0.6560538217492068,0.2909929572711113,0.4126799120971431,0.36062567033428583,0.1838952778917864
47,583.14,3,1,0.3333333333333333,0.6560538217492068,0.46242152869968267,0.5269656263828574,0.38348281319142874,0.3527087176636079
47,583.14,9,3,0.1111111111111111,0.6560538217492068,0.32908819536634937,0.4380767374939685,0.31237170208031756,0.22508362790783978
47,583.14,24,8,0.041666666666666664,0.6560538217492068,0.28742152869968274,0.41029895971619074,0.3776494798580954,0.17990666311154
47,583.14,18,6,0.05555555555555555,0.6560538217492068,0.29575486203301604,0.4158545152717463,0.3445939243025398,0.1891783218365544
47,583.14,15,5,0.06666666666666667,0.6560538217492068,0.3024215286996827,0.42029895971619075,0.3301494798580954,0.19650823174366117
47,583.14,30,10,0.03333333333333333,0.6560538217492068,0.28242152869968273,0.4069656263828574,0.4134828131914287,0.17428414292345504
49,472.04,12,4,0.08333333333333333,0.5310622595234346,0.26242490380937383,0.35197068904739404,0.28098534452369706,0.18381842990207187
49,472.04,6,2,0.16666666666666666,0.5310622595234346,0.3124249038093738,0.38530402238072736,0.28265201119036365,0.2356940104096773
49,472.04,3,1,0.3333333333333333,0.5310622595234346,0.4124249038093738,0.451970689047394,0.345985344523697,0.32916598524684304
49,472.04,21,7,0.047619047619047616,0.5310622595234346,0.24099633238080242,0.33768497476167975,0.32312820166655415,0.16035254547502148
49,472.04,9,3,0.1111111111111111,0.5310622595234346,0.2790915704760405,0.36308180015850516,0.2748742334125859,0.20154089549107487
49,472.04,18,6,0.05555555555555555,0.5310622595234346,0.24575823714270717,0.3408595779362829,0.30709645563480814,0.16563558941978948
49,472.04,30,10,0.03333333333333333,0.5310622595234346,0.23242490380937383,0.331970689047394,0.37598534452369703,0.15074141050669013
50,82.21,21,7,0.047619047619047616,0.09248925590081677,0.06556713093175529,0.0745411725881091,0.19155630057976883,0.059101655001481526
50,82.21,18,6,0.05555555555555555,0.09248925590081677,0.07032903569366004,0.07771577576271228,0.1755245545480228,0.06438469894624954
50,82.21,6,2,0.16666666666666666,0.09248925590081677,0.1369957023603267,0.12216022020715672,0.15108011010357836,0.13444311993613733
50,82.21,15,5,0.06666666666666667,0.09248925590081677,0.07699570236032671,0.08216022020715673,0.16108011010357837,0.0717146088533563
50,82.21,9,3,0.1111111111111111,0.09248925590081677,0.10366236902699338,0.09993799798493451,0.14330233232580059,0.10029000501753493
50,82.21,24,8,0.041666666666666664,0.09248925590081677,0.06199570236032671,0.07216022020715673,0.2085801101035784,0.05511304022123513
50,82.21,3,1,0.3333333333333333,0.09248925590081677,0.2369957023603267,0.1888268868738234,0.2144134434369117,0.22791509477330307
50,82.21,30,10,0.03333333333333333,0.09248925590081677,0.05699570236032671,0.06882688687382339,0.2444134434369117,0.04949052003315017
50,82.21,12,4,0.08333333333333333,0.09248925590081677,0.08699570236032671,0.0888268868738234,0.1494134434369117,0.08256753942853194
50,82.21,27,9,0.037037037037037035,0.09248925590081677,0.05921792458254893,0.07030836835530488,0.22626529528876357,0.051994994976668846
52,372.78,9,3,0.1111111111111111,0.41939113021173186,0.2344231187513594,0.29607912257148356,0.2413728946190751,0.17882076039619177
52,372.78,30,10,0.03333333333333333,0.41939113021173186,0.18775645208469274,0.2649680114603724,0.3424840057301862,0.128021275411807
52,372.78,15,5,0.06666666666666667,0.41939113021173186,0.20775645208469276,0.2783013447937058,0.25915067239685285,0.15024536423201312
52,372.78,21,7,0.047619047619047616,0.41939113021173186,0.19632788065612133,0.27068229717465814,0.28962686287304334,0.13763241038013835
52,372.78,3,1,0.3333333333333333,0.41939113021173186,0.36775645208469276,0.3849680114603724,0.3124840057301862,0.3064458501519599
52,372.78,6,2,0.16666666666666666,0.41939113021173186,0.26775645208469273,0.31830134479370575,0.24915067239685287,0.21297387531479417
52,372.78,12,4,0.08333333333333333,0.41939113021173186,0.21775645208469274,0.28496801146037243,0.24748400573018622,0.16109829480718876
53,132.08,15,5,0.06666666666666667,0.1485948293319533,0.09943793173278133,0.11582356426583866,0.17791178213291933,0.08673875711364842
53,132.08,3,1,0.3333333333333333,0.1485948293319533,0.2594379317327813,0.2224902309325053,0.23124511546625265,0.2429392430335952
53,132.08,30,10,0.03333333333333333,0.1485948293319533,0.07943793173278133,0.10249023093250532,0.2612451154662527,0.0645146682934423
53,132.08,21,7,0.047619047619047616,0.1485948293319533,0.08800936030420989,0.10820451664679104,0.2083879726091098,0.07412580326177365
53,132.08,12,4,0.08333333333333333,0.1485948293319533,0.10943793173278132,0.12249023093250533,0.16624511546625267,0.09759168768882406
53,132.08,24,8,0.041666666666666664,0.1485948293319533,0.08443793173278133,0.10582356426583865,0.22541178213291935,0.07013718848152725
53,132.08,27,9,0.037037037037037035,0.1485948293319533,0.08166015395500355,0.10397171241398681,0.24309696731810454,0.06701914323696097
54,661.01,9,3,0.1111111111111111,0.7436604189636163,0.3641308342521132,0.49064069582261427,0.33865368124464046,0.24054833874964854
54,661.01,18,6,0.05555555555555555,0.7436604189636163,0.33079750091877985,0.468418473600392,0.37087590346686267,0.20464303267836315
54,661.01,15,5,0.06666666666666667,0.7436604189636163,0.3374641675854465,0.4728629180448365,0.35643145902241824,0.21197294258546992
54,661.01,12,4,0.08333333333333333,0.7436604189636163,0.3474641675854465,0.47952958471150314,0.3447647923557516,0.22282587316064556
54,661.01,30,10,0.03333333333333333,0.7436604189636163,0.31746416758544654,0.4595295847115031,0.4397647923557516,0.1897488537652638
54,661.01,3,1,0.3333333333333333,0.7436604189636163,0.49746416758544654,0.5795295847115032,0.4097647923557516,0.3681734285054167
54,661.01,21,7,0.047619047619047616,0.7436604189636163,0.3260355961568751,0.46524387042578885,0.3869076494986087,0.19935998873359514
54,661.01,6,2,0.16666666666666666,0.7436604189636163,0.3974641675854465,0.5128629180448365,0.34643145902241823,0.27470145366825094
55,256.17,24,8,0.041666666666666664,0.2882006165200369,0.14028024660801477,0.1895870365786888,0.26729351828934445,0.10454930828043318
55,256.17,15,5,0.06666666666666667,0.2882006165200369,0.1552802466080148,0.19958703657868881,0.2197935182893444,0.12115087691255436
55,256.17,30,10,0.03333333333333333,0.2882006165200369,0.13528024660801477,0.18625370324535548,0.3031268516226777,0.09892678809234823
55,256.17,6,2,0.16666666666666666,0.2882006165200369,0.21528024660801476,0.2395870365786888,0.20979351828934442,0.1838793879953354
55,256.17,3,1,0.3333333333333333,0.2882006165200369,0.3152802466080148,0.3062537032453555,0.27312685162267775,0.2773513628325011
55,256.17,18,6,0.05555555555555555,0.2882006165200369,0.1486135799413481,0.19514259213424437,0.23423796273378883,0.11382096700544761
55,256.17,9,3,0.1111111111111111,0.2882006165200369,0.18194691327468143,0.2173648143564666,0.20201574051156662,0.14972627307673297
56,472.04,12,4,0.08333333333333333,0.5310622595234346,0.26242490380937383,0.35197068904739404,0.28098534452369706,0.18381842990207187
56,472.04,3,1,0.3333333333333333,0.5310622595234346,0.4124249038093738,0.451970689047394,0.345985344523697,0.32916598524684304
56,472.04,9,3,0.1111111111111111,0.5310622595234346,0.2790915704760405,0.36308180015850516,0.2748742334125859,0.20154089549107487
56,472.04,15,5,0.06666666666666667,0.5310622595234346,0.2524249038093738,0.3453040223807274,0.29265201119036366,0.17296549932689625
56,472.04,21,7,0.047619047619047616,0.5310622595234346,0.24099633238080242,0.33768497476167975,0.32312820166655415,0.16035254547502148
56,472.04,6,2,0.16666666666666666,0.5310622595234346,0.3124249038093738,0.38530402238072736,0.28265201119036365,0.2356940104096773
57,372.78,6,2,0.16666666666666666,0.41939113021173186,0.26775645208469273,0.31830134479370575,0.24915067239685287,0.21297387531479417
57,372.78,21,7,0.047619047619047616,0.41939113021173186,0.19632788065612133,0.27068229717465814,0.28962686287304334,0.13763241038013835
57,372.78,9,3,0.1111111111111111,0.41939113021173186,0.2344231187513594,0.29607912257148356,0.2413728946190751,0.17882076039619177
57,372.78,12,4,0.08333333333333333,0.41939113021173186,0.21775645208469274,0.28496801146037243,0.24748400573018622,0.16109829480718876
57,372.78,27,9,0.037037037037037035,0.41939113021173186,0.18997867430691498,0.26644949294185394,0.3243358575820381,0.13052575035532568
57,372.78,3,1,0.3333333333333333,0.41939113021173186,0.36775645208469276,0.3849680114603724,0.3124840057301862,0.3064458501519599
57,372.78,18,6,0.05555555555555555,0.41939113021173186,0.20108978541802608,0.2738569003492613,0.27359511684129734,0.14291545432490638
57,372.78,30,10,0.03333333333333333,0.41939113021173186,0.18775645208469274,0.2649680114603724,0.3424840057301862,0.128021275411807
57,372.78,24,8,0.041666666666666664,0.41939113021173186,0.19275645208469275,0.26830134479370576,0.30665067239685295,0.13364379559989195
57,372.78,15,5,0.06666666666666667,0.41939113021173186,0.20775645208469276,0.2783013447937058,0.25915067239685285,0.15024536423201312
58,825.56,6,2,0.16666666666666666,0.9287851855185293,0.4715140742074117,0.6239377779777842,0.40196888898889205,0.30497258603387434
58,825.56,3,1,0.3333333333333333,0.9287851855185293,0.5715140742074117,0.6906044446444508,0.4653022223222254,0.3984445608710401
58,825.56,21,7,0.047619047619047616,0.9287851855185293,0.4000855027788403,0.5763187303587366,0.4424450794650826,0.22963112109921852
58,825.56,9,3,0.1111111111111111,0.9287851855185293,0.4381807408740784,0.6017155557555619,0.39419111121111433,0.27081947111527194
58,825.56,12,4,0.08333333333333333,0.9287851855185293,0.4215140742074117,0.5906044446444508,0.40030222232222545,0.2530970055262689
58,825.56,18,6,0.05555555555555555,0.9287851855185293,0.40484740754074505,0.5794933335333398,0.42641333343333654,0.23491416504398652
58,825.56,30,10,0.03333333333333333,0.9287851855185293,0.39151407420741174,0.5706044446444508,0.4953022223222254,0.22001998613088716
60,433.31,30,10,0.03333333333333333,0.4874895934117859,0.21499583736471437,0.3058270893804048,0.3629135446902024,0.14207983469233929
60,433.31,18,6,0.05555555555555555,0.4874895934117859,0.2283291706980477,0.3147159782692937,0.29402465580131354,0.15697401360543867
60,433.31,12,4,0.08333333333333333,0.4874895934117859,0.24499583736471436,0.32582708938040483,0.26791354469020245,0.17515685408772105
60,433.31,9,3,0.1111111111111111,0.4874895934117859,0.261662504031381,0.33693820049151596,0.2618024335790913,0.19287931967672406
60,433.31,15,5,0.06666666666666667,0.4874895934117859,0.23499583736471438,0.3191604227137382,0.27958021135686906,0.1643039235125454
60,433.31,24,8,0.041666666666666664,0.4874895934117859,0.21999583736471437,0.30916042271373817,0.32708021135686915,0.14770235488042424
60,433.31,3,1,0.3333333333333333,0.4874895934117859,0.39499583736471433,0.4258270893804048,0.3329135446902024,0.3205044094324922
61,132.08,30,10,0.03333333333333333,0.1485948293319533,0.07943793173278133,0.10249023093250532,0.2612451154662527,0.0645146682934423
61,132.08,12,4,0.08333333333333333,0.1485948293319533,0.10943793173278132,0.12249023093250533,0.16624511546625267,0.09759168768882406
61,132.08,3,1,0.3333333333333333,0.1485948293319533,0.2594379317327813,0.2224902309325053,0.23124511546625265,0.2429392430335952
61,132.08,21,7,0.047619047619047616,0.1485948293319533,0.08800936030420989,0.10820451664679104,0.2083879726091098,0.07412580326177365
61,132.08,24,8,0.041666666666666664,0.1485948293319533,0.08443793173278133,0.10582356426583865,0.22541178213291935,0.07013718848152725
61,132.08,15,5,0.06666666666666667,0.1485948293319533,0.09943793173278133,0.11582356426583866,0.17791178213291933,0.08673875711364842
61,132.08,6,2,0.16666666666666666,0.1485948293319533,0.1594379317327813,0.15582356426583865,0.16791178213291932,0.14946726819642947
61,132.08,9,3,0.1111111111111111,0.1485948293319533,0.126104598399448,0.13360134204361643,0.16013400435514155,0.11531415327782706
61,132.08,18,6,0.05555555555555555,0.1485948293319533,0.09277126506611466,0.11137911982139422,0.19235622657736376,0.07940884720654168
62,302.81,18,6,0.05555555555555555,0.34067232185046015,0.1696022620735174,0.2266256153324983,0.2499794743329158,0.12579842114757292
62,302.81,15,5,0.06666666666666667,0.34067232185046015,0.17626892874018407,0.23107005977694275,0.2355350298884714,0.13312833105467967
62,302.81,9,3,0.1111111111111111,0.34067232185046015,0.20293559540685074,0.24884783755472054,0.21775725211069358,0.16170372721885828
62,302.81,30,10,0.03333333333333333,0.34067232185046015,0.15626892874018405,0.21773672644360942,0.31886836322180473,0.11090424223447354
62,302.81,21,7,0.047619047619047616,0.34067232185046015,0.16484035731161262,0.22345101215789515,0.26601122036466185,0.12051537720280489
62,302.81,24,8,0.041666666666666664,0.34067232185046015,0.16126892874018406,0.22107005977694275,0.2830350298884714,0.1165267624225585
62,302.81,3,1,0.3333333333333333,0.34067232185046015,0.33626892874018405,0.3377367264436094,0.2888683632218047,0.2893288169746264
62,302.81,12,4,0.08333333333333333,0.34067232185046015,0.18626892874018405,0.2377367264436094,0.22386836322180473,0.1439812616298553
63,561.34,21,7,0.047619047619047616,0.6315280246608015,0.2811826384357492,0.3979644338440999,0.35326793120776423,0.1794191151863876
63,561.34,24,8,0.041666666666666664,0.6315280246608015,0.27761120986432064,0.39558348146314753,0.3702917407315738,0.1754305004061412
63,561.34,30,10,0.03333333333333333,0.6315280246608015,0.27261120986432064,0.3922501481298142,0.4061250740649071,0.16980798021805624
63,561.34,3,1,0.3333333333333333,0.6315280246608015,0.4526112098643206,0.5122501481298142,0.37612507406490714,0.34823255495820915
63,561.34,6,2,0.16666666666666666,0.6315280246608015,0.3526112098643206,0.4455834814631475,0.3127917407315738,0.2547605801210434
63,561.34,12,4,0.08333333333333333,0.6315280246608015,0.3026112098643206,0.4122501481298142,0.3111250740649071,0.20288499961343798
63,561.34,18,6,0.05555555555555555,0.6315280246608015,0.28594454319765394,0.40113903701870307,0.3372361851760182,0.1847021591311556
63,561.34,15,5,0.06666666666666667,0.6315280246608015,0.2926112098643206,0.40558348146314754,0.3227917407315738,0.19203206903826237
64,230.28,15,5,0.06666666666666667,0.2590734198861463,0.14362936795445852,0.18211071859835445,0.21105535929917724,0.11428978561491149
64,230.28,9,3,0.1111111111111111,0.2590734198861463,0.1702960346211252,0.19988849637613224,0.19327758152139946,0.1428651817790901
64,230.28,12,4,0.08333333333333333,0.2590734198861463,0.15362936795445853,0.1887773852650211,0.19938869263251058,0.1251427161900871
64,230.28,24,8,0.041666666666666664,0.2590734198861463,0.12862936795445853,0.17211071859835445,0.2585553592991773,0.09768821698279032
64,230.28,21,7,0.047619047619047616,0.2590734198861463,0.1322007965258871,0.17449167097930685,0.24153154977536767,0.10167683176303671
64,230.28,3,1,0.3333333333333333,0.2590734198861463,0.3036293679544585,0.2887773852650211,0.2643886926325106,0.2704902715348583
64,230.28,18,6,0.05555555555555555,0.2590734198861463,0.13696270128779187,0.17766627415391,0.22549980374362166,0.10695987570780471
64,230.28,6,2,0.16666666666666666,0.2590734198861463,0.20362936795445852,0.22211071859835446,0.20105535929917723,0.17701829669769253
65,0.0,9,3,0.1111111111111111,0.0,0.06666666666666667,0.044444444444444446,0.11555555555555555,0.07375236096047844
65,0.0,6,2,0.16666666666666666,0.0,0.09999999999999999,0.06666666666666667,0.12333333333333334,0.10790547587908085
65,0.0,12,4,0.08333333333333333,0.0,0.049999999999999996,0.03333333333333333,0.12166666666666667,0.056029895371475444
65,0.0,21,7,0.047619047619047616,0.0,0.028571428571428567,0.01904761904761905,0.1638095238095238,0.032564010944425036
65,0.0,15,5,0.06666666666666667,0.0,0.04,0.02666666666666667,0.13333333333333333,0.04517696479629981
65,0.0,30,10,0.03333333333333333,0.0,0.02,0.013333333333333334,0.21666666666666667,0.02295287597609368
65,0.0,24,8,0.041666666666666664,0.0,0.024999999999999998,0.016666666666666666,0.18083333333333337,0.02857539616417864
65,0.0,18,6,0.05555555555555555,0.0,0.03333333333333333,0.022222222222222223,0.14777777777777779,0.03784705488919305
66,132.08,27,9,0.037037037037037035,0.1485948293319533,0.08166015395500355,0.10397171241398681,0.24309696731810454,0.06701914323696097
66,132.08,3,1,0.3333333333333333,0.1485948293319533,0.2594379317327813,0.2224902309325053,0.23124511546625265,0.2429392430335952
66,132.08,21,7,0.047619047619047616,0.1485948293319533,0.08800936030420989,0.10820451664679104,0.2083879726091098,0.07412580326177365
66,132.08,15,5,0.06666666666666667,0.1485948293319533,0.09943793173278133,0.11582356426583866,0.17791178213291933,0.08673875711364842
66,132.08,12,4,0.08333333333333333,0.1485948293319533,0.10943793173278132,0.12249023093250533,0.16624511546625267,0.09759168768882406
66,132.08,24,8,0.041666666666666664,0.1485948293319533,0.08443793173278133,0.10582356426583865,0.22541178213291935,0.07013718848152725
66,132.08,6,2,0.16666666666666666,0.1485948293319533,0.1594379317327813,0.15582356426583865,0.16791178213291932,0.14946726819642947
66,132.08,9,3,0.1111111111111111,0.1485948293319533,0.126104598399448,0.13360134204361643,0.16013400435514155,0.11531415327782706
66,132.08,18,6,0.05555555555555555,0.1485948293319533,0.09277126506611466,0.11137911982139422,0.19235622657736376,0.07940884720654168
67,821.5,30,10,0.03333333333333333,0.9242175370699548,0.38968701482798196,0.5678638555753062,0.4939319277876531,0.21930869923329052
67,821.5,21,7,0.047619047619047616,0.9242175370699548,0.3982584433994105,0.573578141289592,0.4410747849305102,0.22891983420162187
67,821.5,18,6,0.05555555555555555,0.9242175370699548,0.40302034816131527,0.5767527444641951,0.4250430388987642,0.23420287814638988
67,821.5,3,1,0.3333333333333333,0.9242175370699548,0.5696870148279819,0.6878638555753062,0.46393192778765313,0.3977332739734434
67,821.5,6,2,0.16666666666666666,0.9242175370699548,0.4696870148279819,0.6211971889086395,0.4005985944543198,0.3042612991362777
67,821.5,12,4,0.08333333333333333,0.9242175370699548,0.41968701482798193,0.5878638555753062,0.39893192778765313,0.25238571862867226
67,821.5,24,8,0.041666666666666664,0.9242175370699548,0.39468701482798196,0.5711971889086396,0.4580985944543198,0.22493121942137548
67,821.5,9,3,0.1111111111111111,0.9242175370699548,0.4363536814946486,0.5989749666864173,0.39282081667654195,0.27010818421767524
67,821.5,15,5,0.06666666666666667,0.9242175370699548,0.4096870148279819,0.5811971889086395,0.4105985944543198,0.24153278805349665
68,661.01,12,4,0.08333333333333333,0.7436604189636163,0.3474641675854465,0.47952958471150314,0.3447647923557516,0.22282587316064556
68,661.01,30,10,0.03333333333333333,0.7436604189636163,0.31746416758544654,0.4595295847115031,0.4397647923557516,0.1897488537652638
68,661.01,9,3,0.1111111111111111,0.7436604189636163,0.3641308342521132,0.49064069582261427,0.33865368124464046,0.24054833874964854
68,661.01,24,8,0.041666666666666664,0.7436604189636163,0.32246416758544655,0.4628629180448365,0.4039314590224183,0.19537137395334875
68,661.01,6,2,0.16666666666666666,0.7436604189636163,0.3974641675854465,0.5128629180448365,0.34643145902241823,0.27470145366825094
68,661.01,3,1,0.3333333333333333,0.7436604189636163,0.49746416758544654,0.5795295847115032,0.4097647923557516,0.3681734285054167
68,661.01,18,6,0.05555555555555555,0.7436604189636163,0.33079750091877985,0.468418473600392,0.37087590346686267,0.20464303267836315
68,661.01,15,5,0.06666666666666667,0.7436604189636163,0.3374641675854465,0.4728629180448365,0.35643145902241824,0.21197294258546992
68,661.01,21,7,0.047619047619047616,0.7436604189636163,0.3260355961568751,0.46524387042578885,0.3869076494986087,0.19935998873359514
69,529.57,12,4,0.08333333333333333,0.5957856130324236,0.28831424521296944,0.3908047011527875,0.30040235057639375,0.19623974407075356
69,529.57,9,3,0.1111111111111111,0.5957856130324236,0.3049809118796361,0.4019158122638986,0.29429123946528263,0.21396220965975654
69,529.57,21,7,0.047619047619047616,0.5957856130324236,0.26688567378439804,0.3765189868670732,0.3425452077192509,0.17277385964370315
69,529.57,18,6,0.05555555555555555,0.5957856130324236,0.2716475785463028,0.37969359004167635,0.32651346168750484,0.17805690358847115
69,529.57,3,1,0.3333333333333333,0.5957856130324236,0.43831424521296947,0.4908047011527875,0.36540235057639375,0.3415872994155247
69,529.57,15,5,0.06666666666666667,0.5957856130324236,0.27831424521296944,0.3841380344861208,0.3120690172430604,0.18538681349557792
69,529.57,30,10,0.03333333333333333,0.5957856130324236,0.2583142452129695,0.37080470115278746,0.3954023505763937,0.1631627246753718
69,529.57,6,2,0.16666666666666666,0.5957856130324236,0.33831424521296943,0.4241380344861208,0.30206901724306046,0.24811532457835894
69,529.57,24,8,0.041666666666666664,0.5957856130324236,0.2633142452129695,0.3741380344861208,0.35956901724306045,0.16878524486345675
70,661.01,30,10,0.03333333333333333,0.7436604189636163,0.31746416758544654,0.4595295847115031,0.4397647923557516,0.1897488537652638
70,661.01,15,5,0.06666666666666667,0.7436604189636163,0.3374641675854465,0.4728629180448365,0.35643145902241824,0.21197294258546992
70,661.01,12,4,0.08333333333333333,0.7436604189636163,0.3474641675854465,0.47952958471150314,0.3447647923557516,0.22282587316064556
70,661.01,3,1,0.3333333333333333,0.7436604189636163,0.49746416758544654,0.5795295847115032,0.4097647923557516,0.3681734285054167
70,661.01,9,3,0.1111111111111111,0.7436604189636163,0.3641308342521132,0.49064069582261427,0.33865368124464046,0.24054833874964854
70,661.01,18,6,0.05555555555555555,0.7436604189636163,0.33079750091877985,0.468418473600392,0.37087590346686267,0.20464303267836315
70,661.01,24,8,0.041666666666666664,0.7436604189636163,0.32246416758544655,0.4628629180448365,0.4039314590224183,0.19537137395334875
71,0.0,12,4,0.08333333333333333,0.0,0.049999999999999996,0.03333333333333333,0.12166666666666667,0.056029895371475444
71,0.0,21,7,0.047619047619047616,0.0,0.028571428571428567,0.01904761904761905,0.1638095238095238,0.032564010944425036
71,0.0,3,1,0.3333333333333333,0.0,0.19999999999999998,0.13333333333333333,0.18666666666666665,0.20137745071624658
71,0.0,9,3,0.1111111111111111,0.0,0.06666666666666667,0.044444444444444446,0.11555555555555555,0.07375236096047844
71,0.0,15,5,0.06666666666666667,0.0,0.04,0.02666666666666667,0.13333333333333333,0.04517696479629981
71,0.0,27,9,0.037037037037037035,0.0,0.02222222222222222,0.014814814814814815,0.19851851851851854,0.02545735091961235
71,0.0,18,6,0.05555555555555555,0.0,0.03333333333333333,0.022222222222222223,0.14777777777777779,0.03784705488919305
71,0.0,30,10,0.03333333333333333,0.0,0.02,0.013333333333333334,0.21666666666666667,0.02295287597609368
71,0.0,6,2,0.16666666666666666,0.0,0.09999999999999999,0.06666666666666667,0.12333333333333334,0.10790547587908085
72,644.56,3,1,0.3333333333333333,0.7251535674909434,0.49006142699637734,0.5684254738278993,0.40421273691394966,0.3649722720622355
72,644.56,21,7,0.047619047619047616,0.7251535674909434,0.31863285556780596,0.45413975954218505,0.3813555940568068,0.19615883229041398
72,644.56,15,5,0.06666666666666667,0.7251535674909434,0.33006142699637736,0.4617588071612327,0.3508794035806163,0.20877178614228875
72,644.56,9,3,0.1111111111111111,0.7251535674909434,0.35672809366304403,0.47953658493901047,0.3331016258028386,0.23734718230646737
72,644.56,30,10,0.03333333333333333,0.7251535674909434,0.3100614269963774,0.4484254738278993,0.4342127369139497,0.18654769732208262
72,644.56,6,2,0.16666666666666666,0.7251535674909434,0.39006142699637736,0.5017588071612327,0.3408794035806163,0.2715002972250698
72,644.56,12,4,0.08333333333333333,0.7251535674909434,0.34006142699637737,0.46842547382789934,0.3392127369139497,0.21962471671746436
72,644.56,24,8,0.041666666666666664,0.7251535674909434,0.3150614269963774,0.4517588071612327,0.3983794035806164,0.19217021751016758
73,888.86,21,7,0.047619047619047616,1.0,0.4285714285714286,0.6190476190476191,0.4638095238095238,0.24050816511240863
73,888.86,15,5,0.06666666666666667,1.0,0.44,0.6266666666666666,0.43333333333333335,0.2531211189642834
73,888.86,9,3,0.1111111111111111,1.0,0.4666666666666667,0.6444444444444444,0.4155555555555555,0.28169651512846205
73,888.86,30,10,0.03333333333333333,1.0,0.42000000000000004,0.6133333333333333,0.5166666666666666,0.23089703014407728
73,888.86,24,8,0.041666666666666664,1.0,0.42500000000000004,0.6166666666666667,0.48083333333333333,0.23651955033216224
73,888.86,3,1,0.3333333333333333,1.0,0.6,0.7333333333333333,0.4866666666666667,0.4093216048842302
73,888.86,18,6,0.05555555555555555,1.0,0.43333333333333335,0.6222222222222222,0.4477777777777778,0.24579120905717664
73,888.86,12,4,0.08333333333333333,1.0,0.45,0.6333333333333333,0.4216666666666667,0.263974049539459
73,888.86,6,2,0.16666666666666666,1.0,0.5,0.6666666666666666,0.42333333333333334,0.31584963004706446
74,657.73,21,7,0.047619047619047616,0.7399702990347187,0.32455954818531607,0.4630297984684502,0.3858006135199394,0.19872442401256757
74,657.73,30,10,0.03333333333333333,0.7399702990347187,0.3159881196138875,0.4573155127541645,0.43865775637708226,0.18911328904423622
74,657.73,3,1,0.3333333333333333,0.7399702990347187,0.49598811961388745,0.5773155127541645,0.40865775637708224,0.36753786378438913
74,657.73,9,3,0.1111111111111111,0.7399702990347187,0.36265478628055414,0.48842662386527563,0.33754664526597117,0.23991277402862096
74,657.73,6,2,0.16666666666666666,0.7399702990347187,0.39598811961388747,0.5106488460874978,0.3453244230437489,0.2740658889472234
74,657.73,18,6,0.05555555555555555,0.7399702990347187,0.3293214529472208,0.4662044016430534,0.3697688674881934,0.20400746795733557
74,657.73,12,4,0.08333333333333333,0.7399702990347187,0.3459881196138875,0.4773155127541645,0.3436577563770823,0.22219030843961796
74,657.73,24,8,0.041666666666666664,0.7399702990347187,0.3209881196138875,0.46064884608749784,0.402824423043749,0.19473580923232117
75,390.98,15,5,0.06666666666666667,0.4398667956708593,0.21594671826834375,0.2905867440691822,0.26529337203459114,0.15454214668716817
75,390.98,12,4,0.08333333333333333,0.4398667956708593,0.22594671826834373,0.2972534107358489,0.2536267053679244,0.16539507726234381
75,390.98,30,10,0.03333333333333333,0.4398667956708593,0.19594671826834373,0.27725341073584886,0.34862670536792445,0.13231805786696205
75,390.98,21,7,0.047619047619047616,0.4398667956708593,0.20451814683977232,0.2829676964501346,0.29576956251078157,0.1419291928352934
75,390.98,24,8,0.041666666666666664,0.4398667956708593,0.20094671826834373,0.2805867440691822,0.3127933720345911,0.137940578055047
75,390.98,9,3,0.1111111111111111,0.4398667956708593,0.2426133849350104,0.30836452184696,0.24751559425681333,0.1831175428513468
75,390.98,3,1,0.3333333333333333,0.4398667956708593,0.3759467182683437,0.39725341073584886,0.3186267053679245,0.31074263260711493
77,498.36,24,8,0.041666666666666664,0.5606732218797111,0.24926928875188445,0.35307059979449334,0.3490352998972467,0.16211058036111278
77,498.36,12,4,0.08333333333333333,0.5606732218797111,0.27426928875188444,0.36973726646116,0.28986863323058,0.18956507956840957
77,498.36,9,3,0.1111111111111111,0.5606732218797111,0.2909359554185511,0.38084837757227114,0.2837575221194689,0.20728754515741257
77,498.36,21,7,0.047619047619047616,0.5606732218797111,0.25284071732331304,0.3554515521754457,0.33201149037343713,0.16609919514135918
77,498.36,15,5,0.06666666666666667,0.5606732218797111,0.26426928875188443,0.36307059979449335,0.3015352998972467,0.17871214899323395
77,498.36,30,10,0.03333333333333333,0.5606732218797111,0.24426928875188444,0.34973726646116,0.38486863323058,0.15648806017302783
77,498.36,3,1,0.3333333333333333,0.5606732218797111,0.4242692887518844,0.46973726646116,0.35486863323058004,0.3349126349131807
77,498.36,27,9,0.037037037037037035,0.5606732218797111,0.24649151097410668,0.3512187479426415,0.3667204850824319,0.15899253511654649
77,498.36,6,2,0.16666666666666666,0.5606732218797111,0.32426928875188443,0.40307059979449333,0.2915352998972467,0.241440660076015
78,372.78,12,4,0.08333333333333333,0.41939113021173186,0.21775645208469274,0.28496801146037243,0.24748400573018622,0.16109829480718876
78,372.78,18,6,0.05555555555555555,0.41939113021173186,0.20108978541802608,0.2738569003492613,0.27359511684129734,0.14291545432490638
78,372.78,21,7,0.047619047619047616,0.41939113021173186,0.19632788065612133,0.27068229717465814,0.28962686287304334,0.13763241038013835
78,372.78,30,10,0.03333333333333333,0.41939113021173186,0.18775645208469274,0.2649680114603724,0.3424840057301862,0.128021275411807
78,372.78,24,8,0.041666666666666664,0.41939113021173186,0.19275645208469275,0.26830134479370576,0.30665067239685295,0.13364379559989195
78,372.78,6,2,0.16666666666666666,0.41939113021173186,0.26775645208469273,0.31830134479370575,0.24915067239685287,0.21297387531479417
78,372.78,3,1,0.3333333333333333,0.41939113021173186,0.36775645208469276,0.3849680114603724,0.3124840057301862,0.3064458501519599
78,372.78,9,3,0.1111111111111111,0.41939113021173186,0.2344231187513594,0.29607912257148356,0.2413728946190751,0.17882076039619177
79,575.06,9,3,0.1111111111111111,0.6469635263146052,0.32545207719250874,0.43262256023320755,0.3096446134499371,0.2234323525870228
79,575.06,18,6,0.05555555555555555,0.6469635263146052,0.2921187438591754,0.4104003380109853,0.3418668356721593,0.1875270465157374
79,575.06,3,1,0.3333333333333333,0.6469635263146052,0.4587854105258421,0.5215114491220965,0.3807557245610482,0.3510574423427909
79,575.06,15,5,0.06666666666666667,0.6469635263146052,0.29878541052584207,0.4148447824554298,0.3274223912277149,0.19485695642284417
79,575.06,12,4,0.08333333333333333,0.6469635263146052,0.3087854105258421,0.4215114491220964,0.3157557245610482,0.2057098869980198
79,575.06,30,10,0.03333333333333333,0.6469635263146052,0.2787854105258421,0.4015114491220964,0.41075572456104825,0.17263286760263805
79,575.06,24,8,0.041666666666666664,0.6469635263146052,0.2837854105258421,0.40484478245542976,0.3749223912277149,0.178255387790723
79,575.06,21,7,0.047619047619047616,0.6469635263146052,0.28735683909727067,0.40722573483638214,0.3578985817039053,0.1822440025709694
79,575.06,27,9,0.037037037037037035,0.6469635263146052,0.2810076327480643,0.40299293060357794,0.3926075764129001,0.1751373425461567
81,644.56,18,6,0.05555555555555555,0.7251535674909434,0.3233947603297107,0.4573143627167882,0.3653238480250608,0.20144187623518198
81,644.56,21,7,0.047619047619047616,0.7251535674909434,0.31863285556780596,0.45413975954218505,0.3813555940568068,0.19615883229041398
81,644.56,9,3,0.1111111111111111,0.7251535674909434,0.35672809366304403,0.47953658493901047,0.3331016258028386,0.23734718230646737
81,644.56,24,8,0.041666666666666664,0.7251535674909434,0.3150614269963774,0.4517588071612327,0.3983794035806164,0.19217021751016758
81,644.56,12,4,0.08333333333333333,0.7251535674909434,0.34006142699637737,0.46842547382789934,0.3392127369139497,0.21962471671746436
81,644.56,6,2,0.16666666666666666,0.7251535674909434,0.39006142699637736,0.5017588071612327,0.3408794035806163,0.2715002972250698
81,644.56,15,5,0.06666666666666667,0.7251535674909434,0.33006142699637736,0.4617588071612327,0.3508794035806163,0.20877178614228875
81,644.56,30,10,0.03333333333333333,0.7251535674909434,0.3100614269963774,0.4484254738278993,0.4342127369139497,0.18654769732208262
82,299.5,3,1,0.3333333333333333,0.3369484508246518,0.3347793803298607,0.3355024038281244,0.2877512019140622,0.28849437317332494
82,299.5,30,10,0.03333333333333333,0.3369484508246518,0.15477938032986072,0.2155024038281244,0.3177512019140622,0.11006979843317204
82,299.5,27,9,0.037037037037037035,0.3369484508246518,0.15700160255208295,0.21698388530960588,0.29960305376591406,0.11257427337669071
82,299.5,9,3,0.1111111111111111,0.3369484508246518,0.2014460469965274,0.24661351493923553,0.2166400908029511,0.1608692834175568
82,299.5,18,6,0.05555555555555555,0.3369484508246518,0.16811271366319405,0.2243912927170133,0.2488623130251733,0.1249639773462714
82,299.5,6,2,0.16666666666666666,0.3369484508246518,0.23477938032986073,0.26883573716145776,0.22441786858072887,0.1950223983361592
82,299.5,24,8,0.041666666666666664,0.3369484508246518,0.15977938032986072,0.21883573716145774,0.28191786858072887,0.115692318621257
82,299.5,12,4,0.08333333333333333,0.3369484508246518,0.18477938032986072,0.2355024038281244,0.22275120191406222,0.14314681782855382
82,299.5,15,5,0.06666666666666667,0.3369484508246518,0.17477938032986073,0.22883573716145775,0.23441786858072888,0.13229388725337818
82,299.5,21,7,0.047619047619047616,0.3369484508246518,0.16335080890128928,0.22121668954241014,0.2648940590569193,0.1196809334015034
83,299.5,30,10,0.03333333333333333,0.3369484508246518,0.15477938032986072,0.2155024038281244,0.3177512019140622,0.11006979843317204
83,299.5,15,5,0.06666666666666667,0.3369484508246518,0.17477938032986073,0.22883573716145775,0.23441786858072888,0.13229388725337818
83,299.5,24,8,0.041666666666666664,0.3369484508246518,0.15977938032986072,0.21883573716145774,0.28191786858072887,0.115692318621257
83,299.5,12,4,0.08333333333333333,0.3369484508246518,0.18477938032986072,0.2355024038281244,0.22275120191406222,0.14314681782855382
83,299.5,21,7,0.047619047619047616,0.3369484508246518,0.16335080890128928,0.22121668954241014,0.2648940590569193,0.1196809334015034
83,299.5,6,2,0.16666666666666666,0.3369484508246518,0.23477938032986073,0.26883573716145776,0.22441786858072887,0.1950223983361592
83,299.5,9,3,0.1111111111111111,0.3369484508246518,0.2014460469965274,0.24661351493923553,0.2166400908029511,0.1608692834175568
83,299.5,18,6,0.05555555555555555,0.3369484508246518,0.16811271366319405,0.2243912927170133,0.2488623130251733,0.1249639773462714
84,388.44,6,2,0.16666666666666666,0.43700920279909095,0.2748036811196364,0.3288721883461212,0.25443609417306057,0.21667467925441505
84,388.44,21,7,0.047619047619047616,0.43700920279909095,0.20337510969106498,0.2812531407270736,0.29491228464925107,0.14133321431975923
84,388.44,12,4,0.08333333333333333,0.43700920279909095,0.2248036811196364,0.29553885501278787,0.252769427506394,0.16479909874680965
84,388.44,24,8,0.041666666666666664,0.43700920279909095,0.1998036811196364,0.2788721883461212,0.3119360941730607,0.13734459953951283
84,388.44,9,3,0.1111111111111111,0.43700920279909095,0.24147034778630305,0.306649966123899,0.24665831639528282,0.18252156433581262
84,388.44,30,10,0.03333333333333333,0.43700920279909095,0.1948036811196364,0.27553885501278785,0.34776942750639395,0.13172207935142788
84,388.44,3,1,0.3333333333333333,0.43700920279909095,0.37480368111963636,0.39553885501278785,0.3177694275063939,0.31014665409158076
84,388.44,18,6,0.05555555555555555,0.43700920279909095,0.20813701445296973,0.28442774390167674,0.27888053861750506,0.14661625826452726
85,504.57,21,7,0.047619047619047616,0.5676596989402155,0.2556353081475148,0.35964343841174834,0.33410743349158845,0.1674391718355143
85,504.57,3,1,0.3333333333333333,0.5676596989402155,0.42706387957608616,0.4739291526974626,0.35696457634873136,0.3362526116073358
85,504.57,30,10,0.03333333333333333,0.5676596989402155,0.2470638795760862,0.3539291526974626,0.3869645763487313,0.15782803686718294
85,504.57,9,3,0.1111111111111111,0.5676596989402155,0.29373054624275285,0.38504026380857376,0.28585346523762023,0.2086275218515677
85,504.57,6,2,0.16666666666666666,0.5676596989402155,0.3270638795760862,0.40726248603079596,0.293631243015398,0.2427806367701701
85,504.57,12,4,0.08333333333333333,0.5676596989402155,0.2770638795760862,0.37392915269746263,0.2919645763487313,0.1909050562625647
86,299.5,12,4,0.08333333333333333,0.3369484508246518,0.18477938032986072,0.2355024038281244,0.22275120191406222,0.14314681782855382
86,299.5,15,5,0.06666666666666667,0.3369484508246518,0.17477938032986073,0.22883573716145775,0.23441786858072888,0.13229388725337818
86,299.5,3,1,0.3333333333333333,0.3369484508246518,0.3347793803298607,0.3355024038281244,0.2877512019140622,0.28849437317332494
86,299.5,21,7,0.047619047619047616,0.3369484508246518,0.16335080890128928,0.22121668954241014,0.2648940590569193,0.1196809334015034
86,299.5,18,6,0.05555555555555555,0.3369484508246518,0.16811271366319405,0.2243912927170133,0.2488623130251733,0.1249639773462714
86,299.5,30,10,0.03333333333333333,0.3369484508246518,0.15477938032986072,0.2155024038281244,0.3177512019140622,0.11006979843317204
86,299.5,9,3,0.1111111111111111,0.3369484508246518,0.2014460469965274,0.24661351493923553,0.2166400908029511,0.1608692834175568
86,299.5,24,8,0.041666666666666664,0.3369484508246518,0.15977938032986072,0.21883573716145774,0.28191786858072887,0.115692318621257
87,498.36,21,7,0.047619047619047616,0.5606732218797111,0.25284071732331304,0.3554515521754457,0.33201149037343713,0.16609919514135918
87,498.36,30,10,0.03333333333333333,0.5606732218797111,0.24426928875188444,0.34973726646116,0.38486863323058,0.15648806017302783
87,498.36,12,4,0.08333333333333333,0.5606732218797111,0.27426928875188444,0.36973726646116,0.28986863323058,0.18956507956840957
87,498.36,9,3,0.1111111111111111,0.5606732218797111,0.2909359554185511,0.38084837757227114,0.2837575221194689,0.20728754515741257
87,498.36,18,6,0.05555555555555555,0.5606732218797111,0.2576026220852178,0.3586261553500489,0.3159797443416911,0.17138223908612718
87,498.36,15,5,0.06666666666666667,0.5606732218797111,0.26426928875188443,0.36307059979449335,0.3015352998972467,0.17871214899323395
87,498.36,24,8,0.041666666666666664,0.5606732218797111,0.24926928875188445,0.35307059979449334,0.3490352998972467,0.16211058036111278
87,498.36,27,9,0.037037037037037035,0.5606732218797111,0.24649151097410668,0.3512187479426415,0.3667204850824319,0.15899253511654649
88,372.78,12,4,0.08333333333333333,0.41939113021173186,0.21775645208469274,0.28496801146037243,0.24748400573018622,0.16109829480718876
88,372.78,15,5,0.06666666666666667,0.41939113021173186,0.20775645208469276,0.2783013447937058,0.25915067239685285,0.15024536423201312
88,372.78,21,7,0.047619047619047616,0.41939113021173186,0.19632788065612133,0.27068229717465814,0.28962686287304334,0.13763241038013835
88,372.78,6,2,0.16666666666666666,0.41939113021173186,0.26775645208469273,0.31830134479370575,0.24915067239685287,0.21297387531479417
88,372.78,18,6,0.05555555555555555,0.41939113021173186,0.20108978541802608,0.2738569003492613,0.27359511684129734,0.14291545432490638
88,372.78,3,1,0.3333333333333333,0.41939113021173186,0.36775645208469276,0.3849680114603724,0.3124840057301862,0.3064458501519599
88,372.78,30,10,0.03333333333333333,0.41939113021173186,0.18775645208469274,0.2649680114603724,0.3424840057301862,0.128021275411807
88,372.78,24,8,0.041666666666666664,0.41939113021173186,0.19275645208469275,0.26830134479370576,0.30665067239685295,0.13364379559989195
88,372.78,9,3,0.1111111111111111,0.41939113021173186,0.2344231187513594,0.29607912257148356,0.2413728946190751,0.17882076039619177
89,529.57,21,7,0.047619047619047616,0.5957856130324236,0.26688567378439804,0.3765189868670732,0.3425452077192509,0.17277385964370315
89,529.57,18,6,0.05555555555555555,0.5957856130324236,0.2716475785463028,0.37969359004167635,0.32651346168750484,0.17805690358847115
89,529.57,9,3,0.1111111111111111,0.5957856130324236,0.3049809118796361,0.4019158122638986,0.29429123946528263,0.21396220965975654
89,529.57,15,5,0.06666666666666667,0.5957856130324236,0.27831424521296944,0.3841380344861208,0.3120690172430604,0.18538681349557792
89,529.57,12,4,0.08333333333333333,0.5957856130324236,0.28831424521296944,0.3908047011527875,0.30040235057639375,0.19623974407075356
89,529.57,6,2,0.16666666666666666,0.5957856130324236,0.33831424521296943,0.4241380344861208,0.30206901724306046,0.24811532457835894
89,529.57,30,10,0.03333333333333333,0.5957856130324236,0.2583142452129695,0.37080470115278746,0.3954023505763937,0.1631627246753718
89,529.57,3,1,0.3333333333333333,0.5957856130324236,0.43831424521296947,0.4908047011527875,0.36540235057639375,0.3415872994155247
90,561.34,21,7,0.047619047619047616,0.6315280246608015,0.2811826384357492,0.3979644338440999,0.35326793120776423,0.1794191151863876
90,561.34,3,1,0.3333333333333333,0.6315280246608015,0.4526112098643206,0.5122501481298142,0.37612507406490714,0.34823255495820915
90,561.34,12,4,0.08333333333333333,0.6315280246608015,0.3026112098643206,0.4122501481298142,0.3111250740649071,0.20288499961343798
90,561.34,9,3,0.1111111111111111,0.6315280246608015,0.31927787653098727,0.4233612592409253,0.305013962953796,0.22060746520244098
90,561.34,18,6,0.05555555555555555,0.6315280246608015,0.28594454319765394,0.40113903701870307,0.3372361851760182,0.1847021591311556
90,561.34,6,2,0.16666666666666666,0.6315280246608015,0.3526112098643206,0.4455834814631475,0.3127917407315738,0.2547605801210434
90,561.34,30,10,0.03333333333333333,0.6315280246608015,0.27261120986432064,0.3922501481298142,0.4061250740649071,0.16980798021805624
90,561.34,24,8,0.041666666666666664,0.6315280246608015,0.27761120986432064,0.39558348146314753,0.3702917407315738,0.1754305004061412
91,299.5,9,3,0.1111111111111111,0.3369484508246518,0.2014460469965274,0.24661351493923553,0.2166400908029511,0.1608692834175568
91,299.5,15,5,0.06666666666666667,0.3369484508246518,0.17477938032986073,0.22883573716145775,0.23441786858072888,0.13229388725337818
91,299.5,30,10,0.03333333333333333,0.3369484508246518,0.15477938032986072,0.2155024038281244,0.3177512019140622,0.11006979843317204
91,299.5,12,4,0.08333333333333333,0.3369484508246518,0.18477938032986072,0.2355024038281244,0.22275120191406222,0.14314681782855382
91,299.5,3,1,0.3333333333333333,0.3369484508246518,0.3347793803298607,0.3355024038281244,0.2877512019140622,0.28849437317332494
91,299.5,18,6,0.05555555555555555,0.3369484508246518,0.16811271366319405,0.2243912927170133,0.2488623130251733,0.1249639773462714
91,299.5,6,2,0.16666666666666666,0.3369484508246518,0.23477938032986073,0.26883573716145776,0.22441786858072887,0.1950223983361592
91,299.5,24,8,0.041666666666666664,0.3369484508246518,0.15977938032986072,0.21883573716145774,0.28191786858072887,0.115692318621257
91,299.5,21,7,0.047619047619047616,0.3369484508246518,0.16335080890128928,0.22121668954241014,0.2648940590569193,0.1196809334015034
92,825.56,12,4,0.08333333333333333,0.9287851855185293,0.4215140742074117,0.5906044446444508,0.40030222232222545,0.2530970055262689
92,825.56,15,5,0.06666666666666667,0.9287851855185293,0.4115140742074117,0.5839377779777841,0.41196888898889206,0.2422440749510933
92,825.56,21,7,0.047619047619047616,0.9287851855185293,0.4000855027788403,0.5763187303587366,0.4424450794650826,0.22963112109921852
92,825.56,6,2,0.16666666666666666,0.9287851855185293,0.4715140742074117,0.6239377779777842,0.40196888898889205,0.30497258603387434
92,825.56,30,10,0.03333333333333333,0.9287851855185293,0.39151407420741174,0.5706044446444508,0.4953022223222254,0.22001998613088716
92,825.56,9,3,0.1111111111111111,0.9287851855185293,0.4381807408740784,0.6017155557555619,0.39419111121111433,0.27081947111527194
93,830.4,24,8,0.041666666666666664,0.9342303624867808,0.3986921449947124,0.5772048841587352,0.46110244207936757,0.22648824672672696
93,830.4,21,7,0.047619047619047616,0.9342303624867808,0.40226357356614095,0.5795858365396875,0.444078632555558,0.23047686150697336
93,830.4,9,3,0.1111111111111111,0.9342303624867808,0.440358811661379,0.6049826619365128,0.39582466430158975,0.27166521152302675
93,830.4,15,5,0.06666666666666667,0.9342303624867808,0.41369214499471235,0.5872048841587351,0.4136024420793676,0.24308981535884813
93,830.4,30,10,0.03333333333333333,0.9342303624867808,0.3936921449947124,0.5738715508254018,0.4969357754127009,0.220865726538642
93,830.4,12,4,0.08333333333333333,0.9342303624867808,0.42369214499471236,0.5938715508254018,0.4019357754127009,0.2539427459340238
93,830.4,18,6,0.05555555555555555,0.9342303624867808,0.4070254783280457,0.5827604397142907,0.428046886523812,0.23575990545174136
93,830.4,6,2,0.16666666666666666,0.9342303624867808,0.47369214499471235,0.6272048841587351,0.4036024420793676,0.30581832644162915
93,830.4,27,9,0.037037037037037035,0.9342303624867808,0.39591436721693457,0.5753530323068833,0.4787876272645528,0.22337020148216066
94,242.85,15,5,0.06666666666666667,0.27321512949170845,0.1492860517966834,0.19059574436169174,0.21529787218084587,0.11764055461607983
94,242.85,24,8,0.041666666666666664,0.27321512949170845,0.13428605179668338,0.18059574436169173,0.2627978721808459,0.10103898598395866
94,242.85,12,4,0.08333333333333333,0.27321512949170845,0.15928605179668337,0.1972624110283584,0.2036312055141792,0.12849348519125547
94,242.85,6,2,0.16666666666666666,0.27321512949170845,0.20928605179668336,0.23059574436169172,0.20529787218084586,0.18036906569886085
94,242.85,30,10,0.03333333333333333,0.27321512949170845,0.12928605179668337,0.1772624110283584,0.2986312055141792,0.09541646579587369
94,242.85,21,7,0.047619047619047616,0.27321512949170845,0.13785748036811196,0.1829766967426441,0.24577406265703633,0.10502760076420506
94,242.85,3,1,0.3333333333333333,0.27321512949170845,0.30928605179668334,0.2972624110283584,0.2686312055141792,0.2738410405360266
94,242.85,9,3,0.1111111111111111,0.27321512949170845,0.17595271846335003,0.20837352213946952,0.19752009440306809,0.14621595078025845
94,242.85,18,6,0.05555555555555555,0.27321512949170845,0.1426193851300167,0.1861512999172473,0.22974231662529032,0.11031064470897306
95,582.19,24,8,0.041666666666666664,0.654985037013703,0.28699401480548126,0.40965768887488846,0.3773288444374443,0.17971298647682524
95,582.19,9,3,0.1111111111111111,0.654985037013703,0.3286606814721479,0.43743546665266625,0.3120510666596665,0.22488995127312503
95,582.19,30,10,0.03333333333333333,0.654985037013703,0.28199401480548125,0.4063243555415551,0.41316217777077757,0.17409046628874028
95,582.19,3,1,0.3333333333333333,0.654985037013703,0.4619940148054812,0.5263243555415551,0.38316217777077755,0.3525150410288932
95,582.19,12,4,0.08333333333333333,0.654985037013703,0.3119940148054812,0.4263243555415551,0.3181621777707776,0.20716748568412202
95,582.19,6,2,0.16666666666666666,0.654985037013703,0.3619940148054812,0.45965768887488845,0.3198288444374442,0.25904306619172746
95,582.19,18,6,0.05555555555555555,0.654985037013703,0.29532734813881456,0.415213244430444,0.3442732888818887,0.18898464520183963
95,582.19,21,7,0.047619047619047616,0.654985037013703,0.2905654433769098,0.41203864125584083,0.3603050349136347,0.18370160125707163
96,433.31,3,1,0.3333333333333333,0.4874895934117859,0.39499583736471433,0.4258270893804048,0.3329135446902024,0.3205044094324922
96,433.31,9,3,0.1111111111111111,0.4874895934117859,0.261662504031381,0.33693820049151596,0.2618024335790913,0.19287931967672406
96,433.31,12,4,0.08333333333333333,0.4874895934117859,0.24499583736471436,0.32582708938040483,0.26791354469020245,0.17515685408772105
96,433.31,30,10,0.03333333333333333,0.4874895934117859,0.21499583736471437,0.3058270893804048,0.3629135446902024,0.14207983469233929
96,433.31,18,6,0.05555555555555555,0.4874895934117859,0.2283291706980477,0.3147159782692937,0.29402465580131354,0.15697401360543867
96,433.31,21,7,0.047619047619047616,0.4874895934117859,0.22356726593614296,0.31154137509469054,0.31005640183305955,0.15169096966067064
96,433.31,15,5,0.06666666666666667,0.4874895934117859,0.23499583736471438,0.3191604227137382,0.27958021135686906,0.1643039235125454
96,433.31,27,9,0.037037037037037035,0.4874895934117859,0.2172180595869366,0.30730857086188634,0.3447653965420543,0.14458430963585797
97,504.57,15,5,0.06666666666666667,0.5676596989402155,0.2670638795760862,0.367262486030796,0.303631243015398,0.18005212568738907
97,504.57,9,3,0.1111111111111111,0.5676596989402155,0.29373054624275285,0.38504026380857376,0.28585346523762023,0.2086275218515677
97,504.57,21,7,0.047619047619047616,0.5676596989402155,0.2556353081475148,0.35964343841174834,0.33410743349158845,0.1674391718355143
97,504.57,18,6,0.05555555555555555,0.5676596989402155,0.26039721290941953,0.3628180415863515,0.31807568745984244,0.1727222157802823
97,504.57,24,8,0.041666666666666664,0.5676596989402155,0.2520638795760862,0.35726248603079597,0.351131243015398,0.1634505570552679
97,504.57,27,9,0.037037037037037035,0.5676596989402155,0.24928610179830843,0.35541063417894414,0.3688164282005832,0.1603325118107016
97,504.57,6,2,0.16666666666666666,0.5676596989402155,0.3270638795760862,0.40726248603079596,0.293631243015398,0.2427806367701701
97,504.57,30,10,0.03333333333333333,0.5676596989402155,0.2470638795760862,0.3539291526974626,0.3869645763487313,0.15782803686718294
97,504.57,12,4,0.08333333333333333,0.5676596989402155,0.2770638795760862,0.37392915269746263,0.2919645763487313,0.1909050562625647
99,82.21,21,7,0.047619047619047616,0.09248925590081677,0.06556713093175529,0.0745411725881091,0.19155630057976883,0.059101655001481526
99,82.21,15,5,0.06666666666666667,0.09248925590081677,0.07699570236032671,0.08216022020715673,0.16108011010357837,0.0717146088533563
99,82.21,24,8,0.041666666666666664,0.09248925590081677,0.06199570236032671,0.07216022020715673,0.2085801101035784,0.05511304022123513
99,82.21,12,4,0.08333333333333333,0.09248925590081677,0.08699570236032671,0.0888268868738234,0.1494134434369117,0.08256753942853194
99,82.21,18,6,0.05555555555555555,0.09248925590081677,0.07032903569366004,0.07771577576271228,0.1755245545480228,0.06438469894624954
99,82.21,30,10,0.03333333333333333,0.09248925590081677,0.05699570236032671,0.06882688687382339,0.2444134434369117,0.04949052003315017
100,132.08,18,6,0.05555555555555555,0.1485948293319533,0.09277126506611466,0.11137911982139422,0.19235622657736376,0.07940884720654168
100,132.08,21,7,0.047619047619047616,0.1485948293319533,0.08800936030420989,0.10820451664679104,0.2083879726091098,0.07412580326177365
100,132.08,15,5,0.06666666666666667,0.1485948293319533,0.09943793173278133,0.11582356426583866,0.17791178213291933,0.08673875711364842
100,132.08,30,10,0.03333333333333333,0.1485948293319533,0.07943793173278133,0.10249023093250532,0.2612451154662527,0.0645146682934423
100,132.08,27,9,0.037037037037037035,0.1485948293319533,0.08166015395500355,0.10397171241398681,0.24309696731810454,0.06701914323696097
100,132.08,9,3,0.1111111111111111,0.1485948293319533,0.126104598399448,0.13360134204361643,0.16013400435514155,0.11531415327782706
100,132.08,6,2,0.16666666666666666,0.1485948293319533,0.1594379317327813,0.15582356426583865,0.16791178213291932,0.14946726819642947
100,132.08,12,4,0.08333333333333333,0.1485948293319533,0.10943793173278132,0.12249023093250533,0.16624511546625267,0.09759168768882406
