PedidoID,ProductoID,Cantidad,distancia_km,Caducidad,Urgencia_4_Combinada_40_60
1,5,80,455.56,3,0.4408463275056439
1,28,10,455.56,12,0.3408463275056439
1,29,60,455.56,30,0.3208463275056439
1,3,10,455.56,21,0.32656061321992963
1,38,10,455.56,9,0.35195743861675505
1,44,90,455.56,21,0.32656061321992963
1,40,10,455.56,12,0.3408463275056439
1,13,10,455.56,30,0.3208463275056439
1,1,80,455.56,9,0.35195743861675505
1,29,10,455.56,30,0.3208463275056439
1,8,50,455.56,12,0.3408463275056439
1,23,50,455.56,18,0.3297352163945328
1,11,30,455.56,21,0.32656061321992963
1,12,70,455.56,15,0.33417966083897727
1,50,20,455.56,9,0.35195743861675505
1,33,70,455.56,24,0.32417966083897726
1,19,90,455.56,21,0.32656061321992963
1,16,20,455.56,12,0.3408463275056439
1,6,80,455.56,18,0.3297352163945328
2,34,20,830.4,24,0.5772048841587352
2,32,100,830.4,18,0.5827604397142907
2,20,60,830.4,3,0.6938715508254018
2,19,50,830.4,21,0.5795858365396875
2,34,50,830.4,24,0.5772048841587352
2,3,60,830.4,21,0.5795858365396875
2,43,40,830.4,3,0.6938715508254018
2,3,90,830.4,21,0.5795858365396875
2,48,100,830.4,9,0.6049826619365128
2,1,10,830.4,9,0.6049826619365128
2,38,100,830.4,9,0.6049826619365128
2,42,40,830.4,30,0.5738715508254018
2,48,50,830.4,9,0.6049826619365128
2,22,30,830.4,24,0.5772048841587352
2,39,80,830.4,30,0.5738715508254018
2,16,30,830.4,12,0.5938715508254018
2,13,40,830.4,30,0.5738715508254018
2,19,40,830.4,21,0.5795858365396875
2,21,30,830.4,6,0.6272048841587351
4,21,40,242.85,6,0.23059574436169172
4,47,40,242.85,21,0.1829766967426441
4,50,50,242.85,9,0.20837352213946952
4,29,30,242.85,30,0.1772624110283584
4,1,80,242.85,9,0.20837352213946952
4,2,80,242.85,27,0.17874389250983988
4,3,10,242.85,21,0.1829766967426441
4,44,90,242.85,21,0.1829766967426441
4,41,90,242.85,18,0.1861512999172473
4,7,80,242.85,12,0.1972624110283584
4,38,50,242.85,9,0.20837352213946952
4,37,20,242.85,9,0.20837352213946952
4,30,10,242.85,21,0.1829766967426441
4,16,30,242.85,12,0.1972624110283584
4,17,50,242.85,30,0.1772624110283584
4,5,20,242.85,3,0.2972624110283584
4,7,60,242.85,12,0.1972624110283584
4,26,60,242.85,3,0.2972624110283584
4,17,60,242.85,30,0.1772624110283584
5,36,20,825.56,15,0.5839377779777841
5,15,10,825.56,12,0.5906044446444508
5,18,40,825.56,6,0.6239377779777842
5,5,50,825.56,3,0.6906044446444508
5,1,40,825.56,9,0.6017155557555619
5,3,70,825.56,21,0.5763187303587366
5,22,20,825.56,24,0.5739377779777842
5,19,90,825.56,21,0.5763187303587366
5,22,50,825.56,24,0.5739377779777842
5,44,50,825.56,21,0.5763187303587366
5,41,80,825.56,18,0.5794933335333398
5,2,10,825.56,27,0.5720859261259323
5,1,100,825.56,9,0.6017155557555619
5,34,50,825.56,24,0.5739377779777842
5,32,90,825.56,18,0.5794933335333398
5,42,100,825.56,30,0.5706044446444508
5,42,10,825.56,30,0.5706044446444508
5,9,50,825.56,6,0.6239377779777842
5,26,20,825.56,3,0.6906044446444508
5,40,40,825.56,12,0.5906044446444508
6,34,30,821.5,24,0.5711971889086396
6,31,40,821.5,24,0.5711971889086396
6,40,90,821.5,12,0.5878638555753062
6,48,40,821.5,9,0.5989749666864173
6,10,60,821.5,15,0.5811971889086395
6,4,20,821.5,3,0.6878638555753062
6,14,20,821.5,6,0.6211971889086395
6,2,90,821.5,27,0.5693453370567877
6,30,60,821.5,21,0.573578141289592
6,12,90,821.5,15,0.5811971889086395
6,40,80,821.5,12,0.5878638555753062
6,33,30,821.5,24,0.5711971889086396
6,28,30,821.5,12,0.5878638555753062
6,30,30,821.5,21,0.573578141289592
6,17,70,821.5,30,0.5678638555753062
6,29,30,821.5,30,0.5678638555753062
6,37,60,821.5,9,0.5989749666864173
6,44,70,821.5,21,0.573578141289592
8,24,100,561.34,21,0.3979644338440999
8,38,20,561.34,9,0.4233612592409253
8,16,20,561.34,12,0.4122501481298142
8,50,20,561.34,9,0.4233612592409253
8,28,50,561.34,12,0.4122501481298142
8,20,90,561.34,3,0.5122501481298142
8,4,40,561.34,3,0.5122501481298142
8,33,80,561.34,24,0.39558348146314753
8,18,10,561.34,6,0.4455834814631475
8,42,40,561.34,30,0.3922501481298142
8,11,50,561.34,21,0.3979644338440999
8,9,100,561.34,6,0.4455834814631475
8,13,40,561.34,30,0.3922501481298142
8,18,100,561.34,6,0.4455834814631475
8,25,90,561.34,15,0.40558348146314754
8,43,80,561.34,3,0.5122501481298142
8,2,60,561.34,27,0.3937316296112957
8,32,10,561.34,18,0.40113903701870307
8,20,30,561.34,3,0.5122501481298142
8,39,70,561.34,30,0.3922501481298142
9,26,90,159.69,3,0.241127586646566
9,3,90,159.69,21,0.1268418723608517
9,35,100,159.69,18,0.1300164755354549
9,50,60,159.69,9,0.15223869775767712
9,39,40,159.69,30,0.121127586646566
9,21,30,159.69,6,0.17446091997989932
9,16,30,159.69,12,0.141127586646566
9,50,90,159.69,9,0.15223869775767712
9,37,80,159.69,9,0.15223869775767712
9,12,60,159.69,15,0.13446091997989934
9,31,70,159.69,24,0.12446091997989933
9,24,100,159.69,21,0.1268418723608517
9,21,80,159.69,6,0.17446091997989932
9,39,100,159.69,30,0.121127586646566
9,35,50,159.69,18,0.1300164755354549
9,36,10,159.69,15,0.13446091997989934
9,5,50,159.69,3,0.241127586646566
9,16,50,159.69,12,0.141127586646566
9,34,80,159.69,24,0.12446091997989933
9,31,10,159.69,24,0.12446091997989933
10,25,50,888.86,15,0.6266666666666666
10,3,10,888.86,21,0.6190476190476191
10,11,60,888.86,21,0.6190476190476191
10,30,30,888.86,21,0.6190476190476191
10,35,40,888.86,18,0.6222222222222222
10,37,60,888.86,9,0.6444444444444444
10,41,40,888.86,18,0.6222222222222222
10,12,20,888.86,15,0.6266666666666666
10,14,40,888.86,6,0.6666666666666666
10,24,50,888.86,21,0.6190476190476191
10,49,90,888.86,21,0.6190476190476191
10,19,50,888.86,21,0.6190476190476191
10,17,70,888.86,30,0.6133333333333333
10,1,70,888.86,9,0.6444444444444444
10,10,10,888.86,15,0.6266666666666666
10,38,30,888.86,9,0.6444444444444444
10,48,50,888.86,9,0.6444444444444444
10,36,10,888.86,15,0.6266666666666666
10,42,100,888.86,30,0.6133333333333333
10,29,70,888.86,30,0.6133333333333333
11,1,40,498.36,9,0.38084837757227114
11,23,50,498.36,18,0.3586261553500489
11,18,70,498.36,6,0.40307059979449333
11,11,40,498.36,21,0.3554515521754457
11,48,70,498.36,9,0.38084837757227114
11,44,90,498.36,21,0.3554515521754457
11,5,40,498.36,3,0.46973726646116
11,2,60,498.36,27,0.3512187479426415
11,35,60,498.36,18,0.3586261553500489
11,22,20,498.36,24,0.35307059979449334
11,17,30,498.36,30,0.34973726646116
11,31,70,498.36,24,0.35307059979449334
11,50,40,498.36,9,0.38084837757227114
11,21,40,498.36,6,0.40307059979449333
11,29,60,498.36,30,0.34973726646116
11,21,90,498.36,6,0.40307059979449333
11,37,50,498.36,9,0.38084837757227114
11,4,40,498.36,3,0.46973726646116
11,8,90,498.36,12,0.36973726646116
11,48,10,498.36,9,0.38084837757227114
12,22,70,403.61,24,0.2891122711488123
12,43,70,403.61,3,0.405778937815479
12,30,100,403.61,21,0.2914932235297647
12,33,50,403.61,24,0.2891122711488123
12,37,90,403.61,9,0.3168900489265901
12,9,50,403.61,6,0.3391122711488123
12,9,30,403.61,6,0.3391122711488123
12,16,40,403.61,12,0.305778937815479
12,23,70,403.61,18,0.29466782670436786
12,31,70,403.61,24,0.2891122711488123
12,49,60,403.61,21,0.2914932235297647
12,28,80,403.61,12,0.305778937815479
12,13,80,403.61,30,0.285778937815479
12,8,50,403.61,12,0.305778937815479
12,34,60,403.61,24,0.2891122711488123
12,20,100,403.61,3,0.405778937815479
12,38,100,403.61,9,0.3168900489265901
12,23,50,403.61,18,0.29466782670436786
13,45,100,433.31,18,0.3147159782692937
13,32,90,433.31,18,0.3147159782692937
13,4,50,433.31,3,0.4258270893804048
13,10,10,433.31,15,0.3191604227137382
13,36,100,433.31,15,0.3191604227137382
13,33,20,433.31,24,0.30916042271373817
13,38,10,433.31,9,0.33693820049151596
13,36,70,433.31,15,0.3191604227137382
13,35,40,433.31,18,0.3147159782692937
13,38,60,433.31,9,0.33693820049151596
13,46,30,433.31,15,0.3191604227137382
13,42,100,433.31,30,0.3058270893804048
13,27,100,433.31,30,0.3058270893804048
13,22,80,433.31,24,0.30916042271373817
13,33,10,433.31,24,0.30916042271373817
13,48,10,433.31,9,0.33693820049151596
13,44,70,433.31,21,0.31154137509469054
13,24,50,433.31,21,0.31154137509469054
13,12,70,433.31,15,0.3191604227137382
13,40,30,433.31,12,0.32582708938040483
14,38,30,711.53,9,0.5247428041411345
14,17,40,711.53,30,0.4936316930300234
14,50,70,711.53,9,0.5247428041411345
14,7,80,711.53,12,0.5136316930300234
14,48,10,711.53,9,0.5247428041411345
14,40,30,711.53,12,0.5136316930300234
14,36,60,711.53,15,0.5069650263633567
14,18,50,711.53,6,0.5469650263633568
14,8,50,711.53,12,0.5136316930300234
14,23,20,711.53,18,0.5025205819189124
14,41,80,711.53,18,0.5025205819189124
14,24,30,711.53,21,0.49934597874430914
14,21,10,711.53,6,0.5469650263633568
14,31,20,711.53,24,0.49696502636335677
14,19,10,711.53,21,0.49934597874430914
14,50,50,711.53,9,0.5247428041411345
14,8,30,711.53,12,0.5136316930300234
14,24,100,711.53,21,0.49934597874430914
14,18,30,711.53,6,0.5469650263633568
14,37,50,711.53,9,0.5247428041411345
15,19,10,561.34,21,0.3979644338440999
15,32,20,561.34,18,0.40113903701870307
15,24,90,561.34,21,0.3979644338440999
15,43,50,561.34,3,0.5122501481298142
15,43,60,561.34,3,0.5122501481298142
15,2,20,561.34,27,0.3937316296112957
15,15,80,561.34,12,0.4122501481298142
15,43,40,561.34,3,0.5122501481298142
15,37,70,561.34,9,0.4233612592409253
15,48,40,561.34,9,0.4233612592409253
15,23,100,561.34,18,0.40113903701870307
15,36,70,561.34,15,0.40558348146314754
15,32,100,561.34,18,0.40113903701870307
15,21,50,561.34,6,0.4455834814631475
15,36,90,561.34,15,0.40558348146314754
15,44,60,561.34,21,0.3979644338440999
15,14,80,561.34,6,0.4455834814631475
15,11,90,561.34,21,0.3979644338440999
15,18,20,561.34,6,0.4455834814631475
17,43,30,529.57,3,0.4908047011527875
17,6,70,529.57,18,0.37969359004167635
17,13,70,529.57,30,0.37080470115278746
17,33,40,529.57,24,0.3741380344861208
17,12,60,529.57,15,0.3841380344861208
17,27,60,529.57,30,0.37080470115278746
17,6,20,529.57,18,0.37969359004167635
17,25,30,529.57,15,0.3841380344861208
17,1,90,529.57,9,0.4019158122638986
17,38,80,529.57,9,0.4019158122638986
17,41,60,529.57,18,0.37969359004167635
17,33,70,529.57,24,0.3741380344861208
17,3,50,529.57,21,0.3765189868670732
17,13,80,529.57,30,0.37080470115278746
17,33,10,529.57,24,0.3741380344861208
17,30,50,529.57,21,0.3765189868670732
17,22,50,529.57,24,0.3741380344861208
17,9,30,529.57,6,0.4241380344861208
17,45,70,529.57,18,0.37969359004167635
17,19,100,529.57,21,0.3765189868670732
18,23,100,230.28,18,0.17766627415391
18,33,90,230.28,24,0.17211071859835445
18,17,80,230.28,30,0.16877738526502112
18,45,40,230.28,18,0.17766627415391
18,23,10,230.28,18,0.17766627415391
18,44,40,230.28,21,0.17449167097930685
18,14,50,230.28,6,0.22211071859835446
18,35,30,230.28,18,0.17766627415391
18,40,30,230.28,12,0.1887773852650211
18,43,40,230.28,3,0.2887773852650211
18,26,70,230.28,3,0.2887773852650211
18,25,90,230.28,15,0.18211071859835445
18,1,10,230.28,9,0.19988849637613224
18,46,60,230.28,15,0.18211071859835445
18,30,100,230.28,21,0.17449167097930685
18,14,40,230.28,6,0.22211071859835446
18,11,80,230.28,21,0.17449167097930685
18,36,20,230.28,15,0.18211071859835445
18,2,30,230.28,27,0.1702588667465026
18,35,20,230.28,18,0.17766627415391
19,1,70,433.31,9,0.33693820049151596
19,23,40,433.31,18,0.3147159782692937
19,10,70,433.31,15,0.3191604227137382
19,48,60,433.31,9,0.33693820049151596
19,50,90,433.31,9,0.33693820049151596
19,32,80,433.31,18,0.3147159782692937
19,30,30,433.31,21,0.31154137509469054
19,50,60,433.31,9,0.33693820049151596
19,12,90,433.31,15,0.3191604227137382
19,15,40,433.31,12,0.32582708938040483
19,47,40,433.31,21,0.31154137509469054
19,36,100,433.31,15,0.3191604227137382
19,38,90,433.31,9,0.33693820049151596
19,16,80,433.31,12,0.32582708938040483
19,10,20,433.31,15,0.3191604227137382
19,29,30,433.31,30,0.3058270893804048
19,13,70,433.31,30,0.3058270893804048
19,37,60,433.31,9,0.33693820049151596
19,14,80,433.31,6,0.35916042271373816
20,50,70,498.36,9,0.38084837757227114
20,39,90,498.36,30,0.34973726646116
20,36,30,498.36,15,0.36307059979449335
20,32,30,498.36,18,0.3586261553500489
20,15,10,498.36,12,0.36973726646116
20,6,20,498.36,18,0.3586261553500489
20,35,100,498.36,18,0.3586261553500489
20,46,60,498.36,15,0.36307059979449335
20,47,10,498.36,21,0.3554515521754457
20,47,50,498.36,21,0.3554515521754457
20,41,30,498.36,18,0.3586261553500489
20,48,80,498.36,9,0.38084837757227114
20,37,100,498.36,9,0.38084837757227114
20,19,40,498.36,21,0.3554515521754457
20,38,60,498.36,9,0.38084837757227114
20,42,50,498.36,30,0.34973726646116
20,2,90,498.36,27,0.3512187479426415
20,20,40,498.36,3,0.46973726646116
20,16,60,498.36,12,0.36973726646116
20,39,30,498.36,30,0.34973726646116
21,16,60,657.73,12,0.4773155127541645
21,21,50,657.73,6,0.5106488460874978
21,12,40,657.73,15,0.47064884608749785
21,48,70,657.73,9,0.48842662386527563
21,11,60,657.73,21,0.4630297984684502
21,48,10,657.73,9,0.48842662386527563
21,7,50,657.73,12,0.4773155127541645
21,22,20,657.73,24,0.46064884608749784
21,23,100,657.73,18,0.4662044016430534
21,7,80,657.73,12,0.4773155127541645
21,8,100,657.73,12,0.4773155127541645
21,35,70,657.73,18,0.4662044016430534
21,28,20,657.73,12,0.4773155127541645
21,27,20,657.73,30,0.4573155127541645
21,30,20,657.73,21,0.4630297984684502
21,23,80,657.73,18,0.4662044016430534
21,5,60,657.73,3,0.5773155127541645
21,47,10,657.73,21,0.4630297984684502
21,2,40,657.73,27,0.458796994235646
21,1,50,657.73,9,0.48842662386527563
22,33,10,711.53,24,0.49696502636335677
22,7,80,711.53,12,0.5136316930300234
22,23,90,711.53,18,0.5025205819189124
22,33,40,711.53,24,0.49696502636335677
22,38,80,711.53,9,0.5247428041411345
22,33,90,711.53,24,0.49696502636335677
22,50,10,711.53,9,0.5247428041411345
22,38,10,711.53,9,0.5247428041411345
22,27,50,711.53,30,0.4936316930300234
22,18,100,711.53,6,0.5469650263633568
22,30,50,711.53,21,0.49934597874430914
22,42,50,711.53,30,0.4936316930300234
22,46,60,711.53,15,0.5069650263633567
22,32,80,711.53,18,0.5025205819189124
22,17,90,711.53,30,0.4936316930300234
22,37,70,711.53,9,0.5247428041411345
22,42,40,711.53,30,0.4936316930300234
22,4,40,711.53,3,0.6136316930300234
22,17,100,711.53,30,0.4936316930300234
22,29,80,711.53,30,0.4936316930300234
23,19,20,403.61,21,0.2914932235297647
23,43,70,403.61,3,0.405778937815479
23,48,20,403.61,9,0.3168900489265901
23,44,50,403.61,21,0.2914932235297647
23,22,30,403.61,24,0.2891122711488123
23,7,40,403.61,12,0.305778937815479
23,8,60,403.61,12,0.305778937815479
23,39,60,403.61,30,0.285778937815479
23,23,50,403.61,18,0.29466782670436786
23,12,40,403.61,15,0.29911227114881234
23,28,70,403.61,12,0.305778937815479
23,43,20,403.61,3,0.405778937815479
23,46,70,403.61,15,0.29911227114881234
23,45,80,403.61,18,0.29466782670436786
23,5,80,403.61,3,0.405778937815479
23,44,90,403.61,21,0.2914932235297647
23,8,40,403.61,12,0.305778937815479
23,17,100,403.61,30,0.285778937815479
23,47,50,403.61,21,0.2914932235297647
23,48,90,403.61,9,0.3168900489265901
24,16,40,85.5,12,0.09104770905054413
24,50,40,85.5,9,0.10215882016165526
24,46,30,85.5,15,0.08438104238387747
24,5,30,85.5,3,0.19104770905054413
24,29,60,85.5,30,0.07104770905054414
24,15,90,85.5,12,0.09104770905054413
24,39,40,85.5,30,0.07104770905054414
24,40,100,85.5,12,0.09104770905054413
24,42,70,85.5,30,0.07104770905054414
24,7,100,85.5,12,0.09104770905054413
24,36,10,85.5,15,0.08438104238387747
24,5,100,85.5,3,0.19104770905054413
24,40,30,85.5,12,0.09104770905054413
24,7,10,85.5,12,0.09104770905054413
24,23,30,85.5,18,0.07993659793943303
24,14,30,85.5,6,0.12438104238387747
24,30,40,85.5,21,0.07676199476482985
24,41,10,85.5,18,0.07993659793943303
24,28,10,85.5,12,0.09104770905054413
24,16,20,85.5,12,0.09104770905054413
25,9,20,561.34,6,0.4455834814631475
25,10,60,561.34,15,0.40558348146314754
25,39,20,561.34,30,0.3922501481298142
25,6,70,561.34,18,0.40113903701870307
25,1,20,561.34,9,0.4233612592409253
25,17,20,561.34,30,0.3922501481298142
25,27,30,561.34,30,0.3922501481298142
25,18,40,561.34,6,0.4455834814631475
25,18,20,561.34,6,0.4455834814631475
25,28,80,561.34,12,0.4122501481298142
25,5,70,561.34,3,0.5122501481298142
25,49,20,561.34,21,0.3979644338440999
25,49,60,561.34,21,0.3979644338440999
25,22,70,561.34,24,0.39558348146314753
25,5,80,561.34,3,0.5122501481298142
25,37,80,561.34,9,0.4233612592409253
25,30,80,561.34,21,0.3979644338440999
25,1,70,561.34,9,0.4233612592409253
25,48,20,561.34,9,0.4233612592409253
26,29,100,299.5,30,0.2155024038281244
26,21,100,299.5,6,0.26883573716145776
26,46,100,299.5,15,0.22883573716145775
26,46,60,299.5,15,0.22883573716145775
26,34,40,299.5,24,0.21883573716145774
26,14,80,299.5,6,0.26883573716145776
26,26,100,299.5,3,0.3355024038281244
26,5,80,299.5,3,0.3355024038281244
26,44,90,299.5,21,0.22121668954241014
26,43,30,299.5,3,0.3355024038281244
26,39,10,299.5,30,0.2155024038281244
26,32,90,299.5,18,0.2243912927170133
26,4,40,299.5,3,0.3355024038281244
26,5,10,299.5,3,0.3355024038281244
26,41,40,299.5,18,0.2243912927170133
26,19,20,299.5,21,0.22121668954241014
26,20,30,299.5,3,0.3355024038281244
26,15,50,299.5,12,0.2355024038281244
26,7,90,299.5,12,0.2355024038281244
26,39,40,299.5,30,0.2155024038281244
27,7,60,403.61,12,0.305778937815479
27,41,70,403.61,18,0.29466782670436786
27,13,90,403.61,30,0.285778937815479
27,5,40,403.61,3,0.405778937815479
27,21,80,403.61,6,0.3391122711488123
27,9,50,403.61,6,0.3391122711488123
27,39,100,403.61,30,0.285778937815479
27,40,10,403.61,12,0.305778937815479
27,34,50,403.61,24,0.2891122711488123
27,1,40,403.61,9,0.3168900489265901
27,49,100,403.61,21,0.2914932235297647
27,21,10,403.61,6,0.3391122711488123
27,24,60,403.61,21,0.2914932235297647
27,3,20,403.61,21,0.2914932235297647
27,29,40,403.61,30,0.285778937815479
27,21,30,403.61,6,0.3391122711488123
27,1,10,403.61,9,0.3168900489265901
27,41,40,403.61,18,0.29466782670436786
27,23,80,403.61,18,0.29466782670436786
27,38,90,403.61,9,0.3168900489265901
28,35,80,661.01,18,0.468418473600392
28,16,30,661.01,12,0.47952958471150314
28,11,80,661.01,21,0.46524387042578885
28,41,60,661.01,18,0.468418473600392
28,25,20,661.01,15,0.4728629180448365
28,40,70,661.01,12,0.47952958471150314
28,30,80,661.01,21,0.46524387042578885
28,21,60,661.01,6,0.5128629180448365
28,3,100,661.01,21,0.46524387042578885
28,8,70,661.01,12,0.47952958471150314
28,50,30,661.01,9,0.49064069582261427
28,45,70,661.01,18,0.468418473600392
28,3,90,661.01,21,0.46524387042578885
28,41,40,661.01,18,0.468418473600392
28,6,70,661.01,18,0.468418473600392
28,27,60,661.01,30,0.4595295847115031
28,22,50,661.01,24,0.4628629180448365
28,34,50,661.01,24,0.4628629180448365
28,29,30,661.01,30,0.4595295847115031
28,23,40,661.01,18,0.468418473600392
29,16,10,388.44,12,0.29553885501278787
29,11,100,388.44,21,0.2812531407270736
29,28,70,388.44,12,0.29553885501278787
29,31,40,388.44,24,0.2788721883461212
29,48,60,388.44,9,0.306649966123899
29,44,30,388.44,21,0.2812531407270736
29,26,60,388.44,3,0.39553885501278785
29,30,20,388.44,21,0.2812531407270736
29,12,60,388.44,15,0.2888721883461212
29,20,60,388.44,3,0.39553885501278785
29,19,70,388.44,21,0.2812531407270736
29,9,40,388.44,6,0.3288721883461212
29,46,50,388.44,15,0.2888721883461212
29,10,50,388.44,15,0.2888721883461212
29,27,90,388.44,30,0.27553885501278785
29,16,20,388.44,12,0.29553885501278787
29,8,10,388.44,12,0.29553885501278787
29,40,40,388.44,12,0.29553885501278787
29,13,50,388.44,30,0.27553885501278785
30,23,100,582.19,18,0.415213244430444
30,3,80,582.19,21,0.41203864125584083
30,24,100,582.19,21,0.41203864125584083
30,17,100,582.19,30,0.4063243555415551
30,24,70,582.19,21,0.41203864125584083
30,36,10,582.19,15,0.41965768887488847
30,39,40,582.19,30,0.4063243555415551
30,43,30,582.19,3,0.5263243555415551
30,15,30,582.19,12,0.4263243555415551
30,11,10,582.19,21,0.41203864125584083
30,27,60,582.19,30,0.4063243555415551
30,6,40,582.19,18,0.415213244430444
30,29,10,582.19,30,0.4063243555415551
30,43,70,582.19,3,0.5263243555415551
30,4,100,582.19,3,0.5263243555415551
30,9,100,582.19,6,0.45965768887488845
30,24,50,582.19,21,0.41203864125584083
30,22,70,582.19,24,0.40965768887488846
30,7,10,582.19,12,0.4263243555415551
30,21,100,582.19,6,0.45965768887488845
31,43,100,472.04,3,0.451970689047394
31,2,90,472.04,27,0.33345217052887555
31,21,60,472.04,6,0.38530402238072736
31,25,80,472.04,15,0.3453040223807274
31,29,100,472.04,30,0.331970689047394
31,32,100,472.04,18,0.3408595779362829
31,1,10,472.04,9,0.36308180015850516
31,37,20,472.04,9,0.36308180015850516
31,27,80,472.04,30,0.331970689047394
31,2,10,472.04,27,0.33345217052887555
31,14,10,472.04,6,0.38530402238072736
31,30,90,472.04,21,0.33768497476167975
31,13,60,472.04,30,0.331970689047394
31,23,70,472.04,18,0.3408595779362829
31,30,80,472.04,21,0.33768497476167975
31,28,90,472.04,12,0.35197068904739404
31,35,60,472.04,18,0.3408595779362829
31,27,10,472.04,30,0.331970689047394
31,36,40,472.04,15,0.3453040223807274
32,43,90,302.81,3,0.3377367264436094
32,20,10,302.81,3,0.3377367264436094
32,28,90,302.81,12,0.2377367264436094
32,15,50,302.81,12,0.2377367264436094
32,16,90,302.81,12,0.2377367264436094
32,21,30,302.81,6,0.27107005977694276
32,41,50,302.81,18,0.2266256153324983
32,13,100,302.81,30,0.21773672644360942
32,23,40,302.81,18,0.2266256153324983
32,21,40,302.81,6,0.27107005977694276
32,22,70,302.81,24,0.22107005977694275
32,23,20,302.81,18,0.2266256153324983
32,13,30,302.81,30,0.21773672644360942
32,42,30,302.81,30,0.21773672644360942
32,24,100,302.81,21,0.22345101215789515
32,45,60,302.81,18,0.2266256153324983
32,31,90,302.81,24,0.22107005977694275
32,2,60,302.81,27,0.2192182079250909
32,29,10,302.81,30,0.21773672644360942
32,35,70,302.81,18,0.2266256153324983
33,37,10,711.53,9,0.5247428041411345
33,17,10,711.53,30,0.4936316930300234
33,17,50,711.53,30,0.4936316930300234
33,23,20,711.53,18,0.5025205819189124
33,24,30,711.53,21,0.49934597874430914
33,22,20,711.53,24,0.49696502636335677
33,31,10,711.53,24,0.49696502636335677
33,42,20,711.53,30,0.4936316930300234
33,14,20,711.53,6,0.5469650263633568
33,2,40,711.53,27,0.49511317451150494
33,17,40,711.53,30,0.4936316930300234
33,30,60,711.53,21,0.49934597874430914
33,43,80,711.53,3,0.6136316930300234
33,14,60,711.53,6,0.5469650263633568
33,22,70,711.53,24,0.49696502636335677
33,45,40,711.53,18,0.5025205819189124
33,34,50,711.53,24,0.49696502636335677
33,48,20,711.53,9,0.5247428041411345
33,22,100,711.53,24,0.49696502636335677
33,39,70,711.53,30,0.4936316930300234
35,3,60,390.98,21,0.2829676964501346
35,26,100,390.98,3,0.39725341073584886
35,37,20,390.98,9,0.30836452184696
35,24,100,390.98,21,0.2829676964501346
35,5,20,390.98,3,0.39725341073584886
35,33,90,390.98,24,0.2805867440691822
35,23,20,390.98,18,0.28614229962473775
35,32,70,390.98,18,0.28614229962473775
35,21,60,390.98,6,0.3305867440691822
35,46,70,390.98,15,0.2905867440691822
35,29,20,390.98,30,0.27725341073584886
35,26,60,390.98,3,0.39725341073584886
35,49,20,390.98,21,0.2829676964501346
35,40,40,390.98,12,0.2972534107358489
35,37,60,390.98,9,0.30836452184696
35,15,20,390.98,12,0.2972534107358489
35,10,30,390.98,15,0.2905867440691822
35,18,90,390.98,6,0.3305867440691822
35,37,80,390.98,9,0.30836452184696
35,40,90,390.98,12,0.2972534107358489
36,41,100,85.5,18,0.07993659793943303
36,39,30,85.5,30,0.07104770905054414
36,28,90,85.5,12,0.09104770905054413
36,1,90,85.5,9,0.10215882016165526
36,42,90,85.5,30,0.07104770905054414
36,48,20,85.5,9,0.10215882016165526
36,18,50,85.5,6,0.12438104238387747
36,48,70,85.5,9,0.10215882016165526
36,43,20,85.5,3,0.19104770905054413
36,30,90,85.5,21,0.07676199476482985
36,33,40,85.5,24,0.07438104238387747
36,20,30,85.5,3,0.19104770905054413
36,28,80,85.5,12,0.09104770905054413
36,3,30,85.5,21,0.07676199476482985
36,20,50,85.5,3,0.19104770905054413
36,34,70,85.5,24,0.07438104238387747
36,10,10,85.5,15,0.08438104238387747
36,42,60,85.5,30,0.07104770905054414
36,50,80,85.5,9,0.10215882016165526
36,28,30,85.5,12,0.09104770905054413
37,12,40,888.86,15,0.6266666666666666
37,4,30,888.86,3,0.7333333333333333
37,14,30,888.86,6,0.6666666666666666
37,35,40,888.86,18,0.6222222222222222
37,26,40,888.86,3,0.7333333333333333
37,32,40,888.86,18,0.6222222222222222
37,10,70,888.86,15,0.6266666666666666
37,15,30,888.86,12,0.6333333333333333
37,3,80,888.86,21,0.6190476190476191
37,2,10,888.86,27,0.6148148148148148
37,39,50,888.86,30,0.6133333333333333
37,45,70,888.86,18,0.6222222222222222
37,26,90,888.86,3,0.7333333333333333
37,38,40,888.86,9,0.6444444444444444
37,15,10,888.86,12,0.6333333333333333
37,18,10,888.86,6,0.6666666666666666
37,22,50,888.86,24,0.6166666666666667
37,47,80,888.86,21,0.6190476190476191
37,12,90,888.86,15,0.6266666666666666
37,19,100,888.86,21,0.6190476190476191
38,3,20,372.78,21,0.27068229717465814
38,15,30,372.78,12,0.28496801146037243
38,29,100,372.78,30,0.2649680114603724
38,7,30,372.78,12,0.28496801146037243
38,39,30,372.78,30,0.2649680114603724
38,13,40,372.78,30,0.2649680114603724
38,39,60,372.78,30,0.2649680114603724
38,2,40,372.78,27,0.26644949294185394
38,24,30,372.78,21,0.27068229717465814
38,29,10,372.78,30,0.2649680114603724
38,34,50,372.78,24,0.26830134479370576
38,6,90,372.78,18,0.2738569003492613
38,5,50,372.78,3,0.3849680114603724
38,30,80,372.78,21,0.27068229717465814
38,47,50,372.78,21,0.27068229717465814
38,40,10,372.78,12,0.28496801146037243
38,36,70,372.78,15,0.2783013447937058
38,20,20,372.78,3,0.3849680114603724
38,14,20,372.78,6,0.31830134479370575
38,4,100,372.78,3,0.3849680114603724
39,24,60,830.4,21,0.5795858365396875
39,39,60,830.4,30,0.5738715508254018
39,27,60,830.4,30,0.5738715508254018
39,43,10,830.4,3,0.6938715508254018
39,3,50,830.4,21,0.5795858365396875
39,39,90,830.4,30,0.5738715508254018
39,42,10,830.4,30,0.5738715508254018
39,39,70,830.4,30,0.5738715508254018
39,18,10,830.4,6,0.6272048841587351
39,14,30,830.4,6,0.6272048841587351
39,25,40,830.4,15,0.5872048841587351
39,12,30,830.4,15,0.5872048841587351
39,28,70,830.4,12,0.5938715508254018
39,7,40,830.4,12,0.5938715508254018
39,9,70,830.4,6,0.6272048841587351
39,5,80,830.4,3,0.6938715508254018
39,8,70,830.4,12,0.5938715508254018
39,23,90,830.4,18,0.5827604397142907
39,1,70,830.4,9,0.6049826619365128
40,8,10,256.17,12,0.20625370324535547
40,9,80,256.17,6,0.2395870365786888
40,22,30,256.17,24,0.1895870365786888
40,45,20,256.17,18,0.19514259213424437
40,15,30,256.17,12,0.20625370324535547
40,31,10,256.17,24,0.1895870365786888
40,2,40,256.17,27,0.18773518472683695
40,32,100,256.17,18,0.19514259213424437
40,32,50,256.17,18,0.19514259213424437
40,31,50,256.17,24,0.1895870365786888
40,36,80,256.17,15,0.19958703657868881
40,13,10,256.17,30,0.18625370324535548
40,32,80,256.17,18,0.19514259213424437
40,41,100,256.17,18,0.19514259213424437
40,12,70,256.17,15,0.19958703657868881
40,28,10,256.17,12,0.20625370324535547
40,46,70,256.17,15,0.19958703657868881
40,50,70,256.17,9,0.2173648143564666
40,26,20,256.17,3,0.3062537032453555
40,23,30,256.17,18,0.19514259213424437
41,28,100,837.68,12,0.5987857105355924
41,45,100,837.68,18,0.5876745994244813
41,46,20,837.68,15,0.5921190438689257
41,11,100,837.68,21,0.5844999962498781
41,20,60,837.68,3,0.6987857105355924
41,41,80,837.68,18,0.5876745994244813
41,43,70,837.68,3,0.6987857105355924
41,15,90,837.68,12,0.5987857105355924
41,47,40,837.68,21,0.5844999962498781
41,42,10,837.68,30,0.5787857105355924
41,18,90,837.68,6,0.6321190438689257
41,24,90,837.68,21,0.5844999962498781
41,2,100,837.68,27,0.5802671920170739
41,1,60,837.68,9,0.6098968216467034
41,22,90,837.68,24,0.5821190438689258
41,45,20,837.68,18,0.5876745994244813
41,8,60,837.68,12,0.5987857105355924
41,35,50,837.68,18,0.5876745994244813
41,10,70,837.68,15,0.5921190438689257
41,6,10,837.68,18,0.5876745994244813
42,20,30,455.56,3,0.4408463275056439
42,43,10,455.56,3,0.4408463275056439
42,5,90,455.56,3,0.4408463275056439
42,29,50,455.56,30,0.3208463275056439
42,33,10,455.56,24,0.32417966083897726
42,49,80,455.56,21,0.32656061321992963
42,24,60,455.56,21,0.32656061321992963
42,22,10,455.56,24,0.32417966083897726
42,32,10,455.56,18,0.3297352163945328
42,42,100,455.56,30,0.3208463275056439
42,25,80,455.56,15,0.33417966083897727
42,35,80,455.56,18,0.3297352163945328
42,45,70,455.56,18,0.3297352163945328
42,34,10,455.56,24,0.32417966083897726
42,1,60,455.56,9,0.35195743861675505
42,14,50,455.56,6,0.37417966083897725
42,22,70,455.56,24,0.32417966083897726
42,15,80,455.56,12,0.3408463275056439
42,9,10,455.56,6,0.37417966083897725
43,13,10,256.17,30,0.18625370324535548
43,14,20,256.17,6,0.2395870365786888
43,24,20,256.17,21,0.19196798895964118
43,36,30,256.17,15,0.19958703657868881
43,6,60,256.17,18,0.19514259213424437
43,5,80,256.17,3,0.3062537032453555
43,9,90,256.17,6,0.2395870365786888
43,43,50,256.17,3,0.3062537032453555
43,26,100,256.17,3,0.3062537032453555
43,44,40,256.17,21,0.19196798895964118
43,45,20,256.17,18,0.19514259213424437
43,16,70,256.17,12,0.20625370324535547
43,41,70,256.17,18,0.19514259213424437
43,35,100,256.17,18,0.19514259213424437
43,42,60,256.17,30,0.18625370324535548
43,17,40,256.17,30,0.18625370324535548
43,22,40,256.17,24,0.1895870365786888
43,50,40,256.17,9,0.2173648143564666
43,1,10,256.17,9,0.2173648143564666
43,1,70,256.17,9,0.2173648143564666
44,38,60,711.53,9,0.5247428041411345
44,9,50,711.53,6,0.5469650263633568
44,36,60,711.53,15,0.5069650263633567
44,28,70,711.53,12,0.5136316930300234
44,1,30,711.53,9,0.5247428041411345
44,17,70,711.53,30,0.4936316930300234
44,38,70,711.53,9,0.5247428041411345
44,36,10,711.53,15,0.5069650263633567
44,38,90,711.53,9,0.5247428041411345
44,37,60,711.53,9,0.5247428041411345
44,27,100,711.53,30,0.4936316930300234
44,35,30,711.53,18,0.5025205819189124
44,24,30,711.53,21,0.49934597874430914
44,40,20,711.53,12,0.5136316930300234
44,2,10,711.53,27,0.49511317451150494
44,10,70,711.53,15,0.5069650263633567
44,13,40,711.53,30,0.4936316930300234
44,18,10,711.53,6,0.5469650263633568
44,48,80,711.53,9,0.5247428041411345
44,45,30,711.53,18,0.5025205819189124
45,4,30,711.53,3,0.6136316930300234
45,43,90,711.53,3,0.6136316930300234
45,24,80,711.53,21,0.49934597874430914
45,46,70,711.53,15,0.5069650263633567
45,12,40,711.53,15,0.5069650263633567
45,49,10,711.53,21,0.49934597874430914
45,30,100,711.53,21,0.49934597874430914
45,26,60,711.53,3,0.6136316930300234
45,50,70,711.53,9,0.5247428041411345
45,17,20,711.53,30,0.4936316930300234
45,48,90,711.53,9,0.5247428041411345
45,1,10,711.53,9,0.5247428041411345
45,2,70,711.53,27,0.49511317451150494
45,1,60,711.53,9,0.5247428041411345
45,1,50,711.53,9,0.5247428041411345
45,44,100,711.53,21,0.49934597874430914
45,7,90,711.53,12,0.5136316930300234
45,27,60,711.53,30,0.4936316930300234
45,31,40,711.53,24,0.49696502636335677
46,20,20,830.4,3,0.6938715508254018
46,3,100,830.4,21,0.5795858365396875
46,30,100,830.4,21,0.5795858365396875
46,7,70,830.4,12,0.5938715508254018
46,26,10,830.4,3,0.6938715508254018
46,41,100,830.4,18,0.5827604397142907
46,28,40,830.4,12,0.5938715508254018
46,3,10,830.4,21,0.5795858365396875
46,42,40,830.4,30,0.5738715508254018
46,30,80,830.4,21,0.5795858365396875
46,8,60,830.4,12,0.5938715508254018
46,5,50,830.4,3,0.6938715508254018
46,45,80,830.4,18,0.5827604397142907
46,34,90,830.4,24,0.5772048841587352
46,21,60,830.4,6,0.6272048841587351
46,4,70,830.4,3,0.6938715508254018
46,15,80,830.4,12,0.5938715508254018
46,25,40,830.4,15,0.5872048841587351
46,14,50,830.4,6,0.6272048841587351
47,9,80,583.14,6,0.4602989597161907
47,28,100,583.14,12,0.4269656263828574
47,28,70,583.14,12,0.4269656263828574
47,14,10,583.14,6,0.4602989597161907
47,44,90,583.14,21,0.4126799120971431
47,43,10,583.14,3,0.5269656263828574
47,50,100,583.14,9,0.4380767374939685
47,34,80,583.14,24,0.41029895971619074
47,6,30,583.14,18,0.4158545152717463
47,5,30,583.14,3,0.5269656263828574
47,5,50,583.14,3,0.5269656263828574
47,16,40,583.14,12,0.4269656263828574
47,8,80,583.14,12,0.4269656263828574
47,46,10,583.14,15,0.42029895971619075
47,42,80,583.14,30,0.4069656263828574
47,15,20,583.14,12,0.4269656263828574
47,37,20,583.14,9,0.4380767374939685
47,26,60,583.14,3,0.5269656263828574
47,5,70,583.14,3,0.5269656263828574
47,17,40,583.14,30,0.4069656263828574
49,8,40,472.04,12,0.35197068904739404
49,14,40,472.04,6,0.38530402238072736
49,4,50,472.04,3,0.451970689047394
49,24,20,472.04,21,0.33768497476167975
49,47,30,472.04,21,0.33768497476167975
49,44,70,472.04,21,0.33768497476167975
49,7,70,472.04,12,0.35197068904739404
49,37,90,472.04,9,0.36308180015850516
49,4,10,472.04,3,0.451970689047394
49,49,90,472.04,21,0.33768497476167975
49,45,20,472.04,18,0.3408595779362829
49,48,50,472.04,9,0.36308180015850516
49,17,30,472.04,30,0.331970689047394
49,43,80,472.04,3,0.451970689047394
49,45,50,472.04,18,0.3408595779362829
49,17,50,472.04,30,0.331970689047394
49,43,90,472.04,3,0.451970689047394
49,30,90,472.04,21,0.33768497476167975
49,35,70,472.04,18,0.3408595779362829
50,11,30,82.21,21,0.0745411725881091
50,23,60,82.21,18,0.07771577576271228
50,9,50,82.21,6,0.12216022020715672
50,12,90,82.21,15,0.08216022020715673
50,32,10,82.21,18,0.07771577576271228
50,1,40,82.21,9,0.09993799798493451
50,34,100,82.21,24,0.07216022020715673
50,21,70,82.21,6,0.12216022020715672
50,34,80,82.21,24,0.07216022020715673
50,5,40,82.21,3,0.1888268868738234
50,39,100,82.21,30,0.06882688687382339
50,28,70,82.21,12,0.0888268868738234
50,1,90,82.21,9,0.09993799798493451
50,46,80,82.21,15,0.08216022020715673
50,38,80,82.21,9,0.09993799798493451
50,2,20,82.21,27,0.07030836835530488
50,2,30,82.21,27,0.07030836835530488
50,40,60,82.21,12,0.0888268868738234
50,21,100,82.21,6,0.12216022020715672
50,41,100,82.21,18,0.07771577576271228
52,50,90,372.78,9,0.29607912257148356
52,39,40,372.78,30,0.2649680114603724
52,25,60,372.78,15,0.2783013447937058
52,47,60,372.78,21,0.27068229717465814
52,5,90,372.78,3,0.3849680114603724
52,17,100,372.78,30,0.2649680114603724
52,44,80,372.78,21,0.27068229717465814
52,48,20,372.78,9,0.29607912257148356
52,21,90,372.78,6,0.31830134479370575
52,39,30,372.78,30,0.2649680114603724
52,36,40,372.78,15,0.2783013447937058
52,5,80,372.78,3,0.3849680114603724
52,43,90,372.78,3,0.3849680114603724
52,13,70,372.78,30,0.2649680114603724
52,18,80,372.78,6,0.31830134479370575
52,11,100,372.78,21,0.27068229717465814
52,5,30,372.78,3,0.3849680114603724
52,49,60,372.78,21,0.27068229717465814
52,8,30,372.78,12,0.28496801146037243
52,29,70,372.78,30,0.2649680114603724
53,46,20,132.08,15,0.11582356426583866
53,4,60,132.08,3,0.2224902309325053
53,17,90,132.08,30,0.10249023093250532
53,49,30,132.08,21,0.10820451664679104
53,5,90,132.08,3,0.2224902309325053
53,39,50,132.08,30,0.10249023093250532
53,8,60,132.08,12,0.12249023093250533
53,29,10,132.08,30,0.10249023093250532
53,46,100,132.08,15,0.11582356426583866
53,34,80,132.08,24,0.10582356426583865
53,25,10,132.08,15,0.11582356426583866
53,4,90,132.08,3,0.2224902309325053
53,28,40,132.08,12,0.12249023093250533
53,7,60,132.08,12,0.12249023093250533
53,29,20,132.08,30,0.10249023093250532
53,33,80,132.08,24,0.10582356426583865
53,46,70,132.08,15,0.11582356426583866
53,36,30,132.08,15,0.11582356426583866
53,47,80,132.08,21,0.10820451664679104
53,2,40,132.08,27,0.10397171241398681
54,1,50,661.01,9,0.49064069582261427
54,23,60,661.01,18,0.468418473600392
54,46,60,661.01,15,0.4728629180448365
54,7,90,661.01,12,0.47952958471150314
54,16,80,661.01,12,0.47952958471150314
54,1,90,661.01,9,0.49064069582261427
54,25,100,661.01,15,0.4728629180448365
54,27,20,661.01,30,0.4595295847115031
54,12,90,661.01,15,0.4728629180448365
54,39,20,661.01,30,0.4595295847115031
54,37,70,661.01,9,0.49064069582261427
54,26,90,661.01,3,0.5795295847115032
54,24,90,661.01,21,0.46524387042578885
54,16,30,661.01,12,0.47952958471150314
54,15,40,661.01,12,0.47952958471150314
54,24,80,661.01,21,0.46524387042578885
54,46,50,661.01,15,0.4728629180448365
54,48,50,661.01,9,0.49064069582261427
54,26,30,661.01,3,0.5795295847115032
54,18,100,661.01,6,0.5128629180448365
55,31,60,256.17,24,0.1895870365786888
55,25,40,256.17,15,0.19958703657868881
55,33,10,256.17,24,0.1895870365786888
55,27,30,256.17,30,0.18625370324535548
55,9,100,256.17,6,0.2395870365786888
55,31,50,256.17,24,0.1895870365786888
55,39,40,256.17,30,0.18625370324535548
55,31,70,256.17,24,0.1895870365786888
55,5,100,256.17,3,0.3062537032453555
55,33,20,256.17,24,0.1895870365786888
55,23,20,256.17,18,0.19514259213424437
55,29,80,256.17,30,0.18625370324535548
55,27,40,256.17,30,0.18625370324535548
55,36,80,256.17,15,0.19958703657868881
55,34,60,256.17,24,0.1895870365786888
55,37,100,256.17,9,0.2173648143564666
55,46,80,256.17,15,0.19958703657868881
55,22,30,256.17,24,0.1895870365786888
55,46,90,256.17,15,0.19958703657868881
55,39,10,256.17,30,0.18625370324535548
56,7,80,472.04,12,0.35197068904739404
56,4,30,472.04,3,0.451970689047394
56,37,90,472.04,9,0.36308180015850516
56,46,90,472.04,15,0.3453040223807274
56,25,30,472.04,15,0.3453040223807274
56,7,70,472.04,12,0.35197068904739404
56,47,80,472.04,21,0.33768497476167975
56,36,40,472.04,15,0.3453040223807274
56,9,70,472.04,6,0.38530402238072736
56,3,60,472.04,21,0.33768497476167975
56,8,40,472.04,12,0.35197068904739404
56,19,10,472.04,21,0.33768497476167975
56,37,50,472.04,9,0.36308180015850516
56,11,40,472.04,21,0.33768497476167975
56,5,30,472.04,3,0.451970689047394
56,44,80,472.04,21,0.33768497476167975
56,30,50,472.04,21,0.33768497476167975
56,43,90,472.04,3,0.451970689047394
57,18,70,372.78,6,0.31830134479370575
57,44,80,372.78,21,0.27068229717465814
57,11,50,372.78,21,0.27068229717465814
57,49,10,372.78,21,0.27068229717465814
57,38,80,372.78,9,0.29607912257148356
57,28,80,372.78,12,0.28496801146037243
57,1,40,372.78,9,0.29607912257148356
57,28,20,372.78,12,0.28496801146037243
57,2,40,372.78,27,0.26644949294185394
57,43,50,372.78,3,0.3849680114603724
57,49,80,372.78,21,0.27068229717465814
57,47,10,372.78,21,0.27068229717465814
57,35,70,372.78,18,0.2738569003492613
57,26,60,372.78,3,0.3849680114603724
57,49,20,372.78,21,0.27068229717465814
57,42,20,372.78,30,0.2649680114603724
57,3,40,372.78,21,0.27068229717465814
57,41,80,372.78,18,0.2738569003492613
57,34,30,372.78,24,0.26830134479370576
57,10,40,372.78,15,0.2783013447937058
58,9,20,825.56,6,0.6239377779777842
58,43,70,825.56,3,0.6906044446444508
58,44,50,825.56,21,0.5763187303587366
58,20,10,825.56,3,0.6906044446444508
58,44,40,825.56,21,0.5763187303587366
58,38,60,825.56,9,0.6017155557555619
58,1,80,825.56,9,0.6017155557555619
58,7,90,825.56,12,0.5906044446444508
58,5,100,825.56,3,0.6906044446444508
58,6,60,825.56,18,0.5794933335333398
58,5,90,825.56,3,0.6906044446444508
58,35,80,825.56,18,0.5794933335333398
58,4,50,825.56,3,0.6906044446444508
58,5,30,825.56,3,0.6906044446444508
58,16,60,825.56,12,0.5906044446444508
58,26,90,825.56,3,0.6906044446444508
58,32,60,825.56,18,0.5794933335333398
58,47,70,825.56,21,0.5763187303587366
58,17,40,825.56,30,0.5706044446444508
58,8,70,825.56,12,0.5906044446444508
60,42,60,433.31,30,0.3058270893804048
60,42,100,433.31,30,0.3058270893804048
60,41,100,433.31,18,0.3147159782692937
60,16,30,433.31,12,0.32582708938040483
60,35,20,433.31,18,0.3147159782692937
60,39,20,433.31,30,0.3058270893804048
60,38,80,433.31,9,0.33693820049151596
60,29,60,433.31,30,0.3058270893804048
60,46,90,433.31,15,0.3191604227137382
60,22,80,433.31,24,0.30916042271373817
60,25,70,433.31,15,0.3191604227137382
60,27,30,433.31,30,0.3058270893804048
60,41,80,433.31,18,0.3147159782692937
60,38,50,433.31,9,0.33693820049151596
60,31,80,433.31,24,0.30916042271373817
60,8,80,433.31,12,0.32582708938040483
60,48,80,433.31,9,0.33693820049151596
60,25,40,433.31,15,0.3191604227137382
60,43,10,433.31,3,0.4258270893804048
60,23,90,433.31,18,0.3147159782692937
61,39,10,132.08,30,0.10249023093250532
61,28,70,132.08,12,0.12249023093250533
61,5,20,132.08,3,0.2224902309325053
61,30,10,132.08,21,0.10820451664679104
61,11,100,132.08,21,0.10820451664679104
61,33,90,132.08,24,0.10582356426583865
61,24,30,132.08,21,0.10820451664679104
61,25,40,132.08,15,0.11582356426583866
61,9,60,132.08,6,0.15582356426583865
61,37,30,132.08,9,0.13360134204361643
61,28,80,132.08,12,0.12249023093250533
61,8,60,132.08,12,0.12249023093250533
61,13,70,132.08,30,0.10249023093250532
61,44,80,132.08,21,0.10820451664679104
61,48,20,132.08,9,0.13360134204361643
61,6,70,132.08,18,0.11137911982139422
61,28,40,132.08,12,0.12249023093250533
61,5,70,132.08,3,0.2224902309325053
61,23,80,132.08,18,0.11137911982139422
61,7,90,132.08,12,0.12249023093250533
62,35,20,302.81,18,0.2266256153324983
62,25,100,302.81,15,0.23107005977694275
62,38,20,302.81,9,0.24884783755472054
62,42,20,302.81,30,0.21773672644360942
62,49,50,302.81,21,0.22345101215789515
62,36,30,302.81,15,0.23107005977694275
62,31,90,302.81,24,0.22107005977694275
62,34,90,302.81,24,0.22107005977694275
62,45,30,302.81,18,0.2266256153324983
62,19,30,302.81,21,0.22345101215789515
62,34,80,302.81,24,0.22107005977694275
62,43,80,302.81,3,0.3377367264436094
62,7,90,302.81,12,0.2377367264436094
62,28,90,302.81,12,0.2377367264436094
62,5,60,302.81,3,0.3377367264436094
62,23,20,302.81,18,0.2266256153324983
62,22,40,302.81,24,0.22107005977694275
62,5,30,302.81,3,0.3377367264436094
62,27,30,302.81,30,0.21773672644360942
62,35,80,302.81,18,0.2266256153324983
63,3,90,561.34,21,0.3979644338440999
63,34,60,561.34,24,0.39558348146314753
63,29,50,561.34,30,0.3922501481298142
63,43,90,561.34,3,0.5122501481298142
63,26,70,561.34,3,0.5122501481298142
63,3,80,561.34,21,0.3979644338440999
63,44,40,561.34,21,0.3979644338440999
63,18,80,561.34,6,0.4455834814631475
63,43,60,561.34,3,0.5122501481298142
63,11,70,561.34,21,0.3979644338440999
63,40,30,561.34,12,0.4122501481298142
63,6,30,561.34,18,0.40113903701870307
63,8,20,561.34,12,0.4122501481298142
63,43,70,561.34,3,0.5122501481298142
63,36,10,561.34,15,0.40558348146314754
63,22,50,561.34,24,0.39558348146314753
63,3,40,561.34,21,0.3979644338440999
63,43,50,561.34,3,0.5122501481298142
63,5,60,561.34,3,0.5122501481298142
63,15,30,561.34,12,0.4122501481298142
64,25,50,230.28,15,0.18211071859835445
64,38,30,230.28,9,0.19988849637613224
64,16,30,230.28,12,0.1887773852650211
64,28,100,230.28,12,0.1887773852650211
64,22,100,230.28,24,0.17211071859835445
64,50,100,230.28,9,0.19988849637613224
64,11,90,230.28,21,0.17449167097930685
64,20,10,230.28,3,0.2887773852650211
64,12,100,230.28,15,0.18211071859835445
64,33,70,230.28,24,0.17211071859835445
64,36,20,230.28,15,0.18211071859835445
64,19,70,230.28,21,0.17449167097930685
64,37,90,230.28,9,0.19988849637613224
64,37,40,230.28,9,0.19988849637613224
64,37,30,230.28,9,0.19988849637613224
64,35,50,230.28,18,0.17766627415391
64,7,60,230.28,12,0.1887773852650211
64,8,10,230.28,12,0.1887773852650211
64,21,20,230.28,6,0.22211071859835446
64,25,80,230.28,15,0.18211071859835445
65,38,10,0.0,9,0.044444444444444446
65,14,90,0.0,6,0.06666666666666667
65,37,10,0.0,9,0.044444444444444446
65,37,90,0.0,9,0.044444444444444446
65,8,30,0.0,12,0.03333333333333333
65,11,40,0.0,21,0.01904761904761905
65,36,60,0.0,15,0.02666666666666667
65,27,50,0.0,30,0.013333333333333334
65,22,30,0.0,24,0.016666666666666666
65,39,100,0.0,30,0.013333333333333334
65,34,100,0.0,24,0.016666666666666666
65,45,50,0.0,18,0.022222222222222223
65,16,40,0.0,12,0.03333333333333333
65,14,40,0.0,6,0.06666666666666667
65,48,90,0.0,9,0.044444444444444446
65,13,80,0.0,30,0.013333333333333334
65,31,10,0.0,24,0.016666666666666666
65,16,20,0.0,12,0.03333333333333333
65,6,70,0.0,18,0.022222222222222223
66,2,30,132.08,27,0.10397171241398681
66,43,70,132.08,3,0.2224902309325053
66,44,20,132.08,21,0.10820451664679104
66,11,90,132.08,21,0.10820451664679104
66,12,80,132.08,15,0.11582356426583866
66,40,40,132.08,12,0.12249023093250533
66,22,10,132.08,24,0.10582356426583865
66,44,10,132.08,21,0.10820451664679104
66,4,100,132.08,3,0.2224902309325053
66,24,60,132.08,21,0.10820451664679104
66,26,30,132.08,3,0.2224902309325053
66,31,50,132.08,24,0.10582356426583865
66,21,20,132.08,6,0.15582356426583865
66,50,10,132.08,9,0.13360134204361643
66,32,60,132.08,18,0.11137911982139422
66,14,40,132.08,6,0.15582356426583865
66,14,80,132.08,6,0.15582356426583865
66,18,50,132.08,6,0.15582356426583865
66,46,80,132.08,15,0.11582356426583866
66,40,20,132.08,12,0.12249023093250533
67,13,100,821.5,30,0.5678638555753062
67,42,50,821.5,30,0.5678638555753062
67,30,100,821.5,21,0.573578141289592
67,6,20,821.5,18,0.5767527444641951
67,26,30,821.5,3,0.6878638555753062
67,32,60,821.5,18,0.5767527444641951
67,21,40,821.5,6,0.6211971889086395
67,7,80,821.5,12,0.5878638555753062
67,34,50,821.5,24,0.5711971889086396
67,17,90,821.5,30,0.5678638555753062
67,24,40,821.5,21,0.573578141289592
67,48,80,821.5,9,0.5989749666864173
67,9,30,821.5,6,0.6211971889086395
67,26,100,821.5,3,0.6878638555753062
67,36,70,821.5,15,0.5811971889086395
67,15,30,821.5,12,0.5878638555753062
67,1,80,821.5,9,0.5989749666864173
67,4,90,821.5,3,0.6878638555753062
67,19,20,821.5,21,0.573578141289592
68,8,30,661.01,12,0.47952958471150314
68,17,80,661.01,30,0.4595295847115031
68,38,10,661.01,9,0.49064069582261427
68,31,50,661.01,24,0.4628629180448365
68,48,30,661.01,9,0.49064069582261427
68,9,40,661.01,6,0.5128629180448365
68,4,90,661.01,3,0.5795295847115032
68,6,40,661.01,18,0.468418473600392
68,36,60,661.01,15,0.4728629180448365
68,21,100,661.01,6,0.5128629180448365
68,23,70,661.01,18,0.468418473600392
68,37,80,661.01,9,0.49064069582261427
68,6,90,661.01,18,0.468418473600392
68,21,40,661.01,6,0.5128629180448365
68,1,80,661.01,9,0.49064069582261427
68,7,60,661.01,12,0.47952958471150314
68,30,100,661.01,21,0.46524387042578885
68,39,30,661.01,30,0.4595295847115031
68,50,30,661.01,9,0.49064069582261427
68,48,10,661.01,9,0.49064069582261427
69,40,100,529.57,12,0.3908047011527875
69,50,70,529.57,9,0.4019158122638986
69,19,90,529.57,21,0.3765189868670732
69,6,80,529.57,18,0.37969359004167635
69,45,90,529.57,18,0.37969359004167635
69,37,60,529.57,9,0.4019158122638986
69,43,80,529.57,3,0.4908047011527875
69,36,90,529.57,15,0.3841380344861208
69,27,20,529.57,30,0.37080470115278746
69,21,10,529.57,6,0.4241380344861208
69,8,100,529.57,12,0.3908047011527875
69,16,80,529.57,12,0.3908047011527875
69,30,70,529.57,21,0.3765189868670732
69,30,100,529.57,21,0.3765189868670732
69,8,20,529.57,12,0.3908047011527875
69,24,30,529.57,21,0.3765189868670732
69,12,60,529.57,15,0.3841380344861208
69,31,50,529.57,24,0.3741380344861208
69,25,20,529.57,15,0.3841380344861208
69,35,50,529.57,18,0.37969359004167635
70,39,20,661.01,30,0.4595295847115031
70,10,20,661.01,15,0.4728629180448365
70,28,90,661.01,12,0.47952958471150314
70,28,20,661.01,12,0.47952958471150314
70,17,80,661.01,30,0.4595295847115031
70,25,90,661.01,15,0.4728629180448365
70,4,10,661.01,3,0.5795295847115032
70,37,100,661.01,9,0.49064069582261427
70,20,80,661.01,3,0.5795295847115032
70,7,70,661.01,12,0.47952958471150314
70,6,80,661.01,18,0.468418473600392
70,39,10,661.01,30,0.4595295847115031
70,25,20,661.01,15,0.4728629180448365
70,26,10,661.01,3,0.5795295847115032
70,40,20,661.01,12,0.47952958471150314
70,15,50,661.01,12,0.47952958471150314
70,17,30,661.01,30,0.4595295847115031
70,22,40,661.01,24,0.4628629180448365
70,13,30,661.01,30,0.4595295847115031
70,7,10,661.01,12,0.47952958471150314
71,40,20,0.0,12,0.03333333333333333
71,11,50,0.0,21,0.01904761904761905
71,4,30,0.0,3,0.13333333333333333
71,37,60,0.0,9,0.044444444444444446
71,24,10,0.0,21,0.01904761904761905
71,10,20,0.0,15,0.02666666666666667
71,49,100,0.0,21,0.01904761904761905
71,10,50,0.0,15,0.02666666666666667
71,2,50,0.0,27,0.014814814814814815
71,23,20,0.0,18,0.022222222222222223
71,36,20,0.0,15,0.02666666666666667
71,27,50,0.0,30,0.013333333333333334
71,14,50,0.0,6,0.06666666666666667
71,13,60,0.0,30,0.013333333333333334
71,42,60,0.0,30,0.013333333333333334
71,37,100,0.0,9,0.044444444444444446
71,41,60,0.0,18,0.022222222222222223
71,43,30,0.0,3,0.13333333333333333
71,11,90,0.0,21,0.01904761904761905
71,23,80,0.0,18,0.022222222222222223
72,5,90,644.56,3,0.5684254738278993
72,11,60,644.56,21,0.45413975954218505
72,46,10,644.56,15,0.4617588071612327
72,37,60,644.56,9,0.47953658493901047
72,50,10,644.56,9,0.47953658493901047
72,20,30,644.56,3,0.5684254738278993
72,50,60,644.56,9,0.47953658493901047
72,47,60,644.56,21,0.45413975954218505
72,17,90,644.56,30,0.4484254738278993
72,9,40,644.56,6,0.5017588071612327
72,40,70,644.56,12,0.46842547382789934
72,26,90,644.56,3,0.5684254738278993
72,36,60,644.56,15,0.4617588071612327
72,34,70,644.56,24,0.4517588071612327
72,40,80,644.56,12,0.46842547382789934
72,33,50,644.56,24,0.4517588071612327
72,14,30,644.56,6,0.5017588071612327
72,49,50,644.56,21,0.45413975954218505
72,37,20,644.56,9,0.47953658493901047
72,25,100,644.56,15,0.4617588071612327
73,11,50,888.86,21,0.6190476190476191
73,12,60,888.86,15,0.6266666666666666
73,37,10,888.86,9,0.6444444444444444
73,39,40,888.86,30,0.6133333333333333
73,34,80,888.86,24,0.6166666666666667
73,33,50,888.86,24,0.6166666666666667
73,26,50,888.86,3,0.7333333333333333
73,35,90,888.86,18,0.6222222222222222
73,16,30,888.86,12,0.6333333333333333
73,1,90,888.86,9,0.6444444444444444
73,16,100,888.86,12,0.6333333333333333
73,33,60,888.86,24,0.6166666666666667
73,38,10,888.86,9,0.6444444444444444
73,5,10,888.86,3,0.7333333333333333
73,25,80,888.86,15,0.6266666666666666
73,30,70,888.86,21,0.6190476190476191
73,18,40,888.86,6,0.6666666666666666
73,10,10,888.86,15,0.6266666666666666
73,50,60,888.86,9,0.6444444444444444
73,5,20,888.86,3,0.7333333333333333
74,3,90,657.73,21,0.4630297984684502
74,27,10,657.73,30,0.4573155127541645
74,43,20,657.73,3,0.5773155127541645
74,50,10,657.73,9,0.48842662386527563
74,29,30,657.73,30,0.4573155127541645
74,21,70,657.73,6,0.5106488460874978
74,6,50,657.73,18,0.4662044016430534
74,18,30,657.73,6,0.5106488460874978
74,27,30,657.73,30,0.4573155127541645
74,4,100,657.73,3,0.5773155127541645
74,39,40,657.73,30,0.4573155127541645
74,42,20,657.73,30,0.4573155127541645
74,44,90,657.73,21,0.4630297984684502
74,7,60,657.73,12,0.4773155127541645
74,22,100,657.73,24,0.46064884608749784
74,28,60,657.73,12,0.4773155127541645
74,15,80,657.73,12,0.4773155127541645
74,37,30,657.73,9,0.48842662386527563
74,49,70,657.73,21,0.4630297984684502
75,25,60,390.98,15,0.2905867440691822
75,7,40,390.98,12,0.2972534107358489
75,28,10,390.98,12,0.2972534107358489
75,17,60,390.98,30,0.27725341073584886
75,19,40,390.98,21,0.2829676964501346
75,33,10,390.98,24,0.2805867440691822
75,8,20,390.98,12,0.2972534107358489
75,38,20,390.98,9,0.30836452184696
75,24,20,390.98,21,0.2829676964501346
75,30,50,390.98,21,0.2829676964501346
75,40,70,390.98,12,0.2972534107358489
75,43,40,390.98,3,0.39725341073584886
75,46,100,390.98,15,0.2905867440691822
75,13,80,390.98,30,0.27725341073584886
75,37,100,390.98,9,0.30836452184696
75,27,70,390.98,30,0.27725341073584886
75,3,80,390.98,21,0.2829676964501346
75,38,90,390.98,9,0.30836452184696
75,39,80,390.98,30,0.27725341073584886
77,34,30,498.36,24,0.35307059979449334
77,40,40,498.36,12,0.36973726646116
77,48,70,498.36,9,0.38084837757227114
77,19,30,498.36,21,0.3554515521754457
77,46,80,498.36,15,0.36307059979449335
77,27,20,498.36,30,0.34973726646116
77,26,40,498.36,3,0.46973726646116
77,2,100,498.36,27,0.3512187479426415
77,24,50,498.36,21,0.3554515521754457
77,46,30,498.36,15,0.36307059979449335
77,24,30,498.36,21,0.3554515521754457
77,25,10,498.36,15,0.36307059979449335
77,34,80,498.36,24,0.35307059979449334
77,10,70,498.36,15,0.36307059979449335
77,12,100,498.36,15,0.36307059979449335
77,18,90,498.36,6,0.40307059979449333
77,40,10,498.36,12,0.36973726646116
77,48,100,498.36,9,0.38084837757227114
77,38,70,498.36,9,0.38084837757227114
77,28,10,498.36,12,0.36973726646116
78,8,10,372.78,12,0.28496801146037243
78,8,100,372.78,12,0.28496801146037243
78,45,50,372.78,18,0.2738569003492613
78,32,50,372.78,18,0.2738569003492613
78,30,40,372.78,21,0.27068229717465814
78,7,40,372.78,12,0.28496801146037243
78,47,90,372.78,21,0.27068229717465814
78,27,100,372.78,30,0.2649680114603724
78,19,30,372.78,21,0.27068229717465814
78,41,20,372.78,18,0.2738569003492613
78,30,70,372.78,21,0.27068229717465814
78,34,20,372.78,24,0.26830134479370576
78,7,30,372.78,12,0.28496801146037243
78,18,70,372.78,6,0.31830134479370575
78,40,50,372.78,12,0.28496801146037243
78,5,80,372.78,3,0.3849680114603724
78,37,70,372.78,9,0.29607912257148356
78,27,70,372.78,30,0.2649680114603724
78,43,40,372.78,3,0.3849680114603724
78,28,90,372.78,12,0.28496801146037243
79,50,60,575.06,9,0.43262256023320755
79,23,30,575.06,18,0.4104003380109853
79,5,50,575.06,3,0.5215114491220965
79,10,10,575.06,15,0.4148447824554298
79,8,30,575.06,12,0.4215114491220964
79,32,40,575.06,18,0.4104003380109853
79,13,80,575.06,30,0.4015114491220964
79,29,90,575.06,30,0.4015114491220964
79,25,40,575.06,15,0.4148447824554298
79,7,20,575.06,12,0.4215114491220964
79,31,80,575.06,24,0.40484478245542976
79,16,10,575.06,12,0.4215114491220964
79,46,10,575.06,15,0.4148447824554298
79,30,70,575.06,21,0.40722573483638214
79,47,70,575.06,21,0.40722573483638214
79,8,60,575.06,12,0.4215114491220964
79,12,40,575.06,15,0.4148447824554298
79,6,30,575.06,18,0.4104003380109853
79,2,10,575.06,27,0.40299293060357794
81,6,100,644.56,18,0.4573143627167882
81,24,10,644.56,21,0.45413975954218505
81,38,80,644.56,9,0.47953658493901047
81,47,20,644.56,21,0.45413975954218505
81,32,90,644.56,18,0.4573143627167882
81,23,30,644.56,18,0.4573143627167882
81,3,60,644.56,21,0.45413975954218505
81,34,60,644.56,24,0.4517588071612327
81,45,60,644.56,18,0.4573143627167882
81,8,10,644.56,12,0.46842547382789934
81,33,30,644.56,24,0.4517588071612327
81,14,20,644.56,6,0.5017588071612327
81,12,60,644.56,15,0.4617588071612327
81,35,20,644.56,18,0.4573143627167882
81,15,100,644.56,12,0.46842547382789934
81,24,80,644.56,21,0.45413975954218505
81,13,30,644.56,30,0.4484254738278993
81,17,80,644.56,30,0.4484254738278993
81,1,40,644.56,9,0.47953658493901047
81,47,70,644.56,21,0.45413975954218505
82,43,50,299.5,3,0.3355024038281244
82,13,90,299.5,30,0.2155024038281244
82,2,40,299.5,27,0.21698388530960588
82,48,10,299.5,9,0.24661351493923553
82,1,70,299.5,9,0.24661351493923553
82,4,30,299.5,3,0.3355024038281244
82,35,60,299.5,18,0.2243912927170133
82,1,20,299.5,9,0.24661351493923553
82,32,60,299.5,18,0.2243912927170133
82,21,10,299.5,6,0.26883573716145776
82,33,70,299.5,24,0.21883573716145774
82,15,10,299.5,12,0.2355024038281244
82,20,10,299.5,3,0.3355024038281244
82,18,60,299.5,6,0.26883573716145776
82,25,90,299.5,15,0.22883573716145775
82,47,90,299.5,21,0.22121668954241014
82,11,50,299.5,21,0.22121668954241014
82,36,60,299.5,15,0.22883573716145775
82,34,60,299.5,24,0.21883573716145774
82,9,10,299.5,6,0.26883573716145776
83,27,40,299.5,30,0.2155024038281244
83,12,50,299.5,15,0.22883573716145775
83,31,60,299.5,24,0.21883573716145774
83,15,70,299.5,12,0.2355024038281244
83,30,30,299.5,21,0.22121668954241014
83,39,70,299.5,30,0.2155024038281244
83,19,40,299.5,21,0.22121668954241014
83,16,90,299.5,12,0.2355024038281244
83,31,30,299.5,24,0.21883573716145774
83,21,30,299.5,6,0.26883573716145776
83,17,70,299.5,30,0.2155024038281244
83,13,70,299.5,30,0.2155024038281244
83,33,60,299.5,24,0.21883573716145774
83,37,100,299.5,9,0.24661351493923553
83,50,100,299.5,9,0.24661351493923553
83,19,10,299.5,21,0.22121668954241014
83,23,10,299.5,18,0.2243912927170133
83,23,40,299.5,18,0.2243912927170133
83,1,70,299.5,9,0.24661351493923553
84,14,30,388.44,6,0.3288721883461212
84,47,40,388.44,21,0.2812531407270736
84,15,90,388.44,12,0.29553885501278787
84,18,60,388.44,6,0.3288721883461212
84,31,80,388.44,24,0.2788721883461212
84,15,20,388.44,12,0.29553885501278787
84,18,20,388.44,6,0.3288721883461212
84,9,10,388.44,6,0.3288721883461212
84,22,100,388.44,24,0.2788721883461212
84,37,10,388.44,9,0.306649966123899
84,42,10,388.44,30,0.27553885501278785
84,29,20,388.44,30,0.27553885501278785
84,33,70,388.44,24,0.2788721883461212
84,20,10,388.44,3,0.39553885501278785
84,26,40,388.44,3,0.39553885501278785
84,9,50,388.44,6,0.3288721883461212
84,7,80,388.44,12,0.29553885501278787
84,13,80,388.44,30,0.27553885501278785
84,35,90,388.44,18,0.28442774390167674
85,3,30,504.57,21,0.35964343841174834
85,30,10,504.57,21,0.35964343841174834
85,49,10,504.57,21,0.35964343841174834
85,3,60,504.57,21,0.35964343841174834
85,43,80,504.57,3,0.4739291526974626
85,42,60,504.57,30,0.3539291526974626
85,1,50,504.57,9,0.38504026380857376
85,27,70,504.57,30,0.3539291526974626
85,29,20,504.57,30,0.3539291526974626
85,50,10,504.57,9,0.38504026380857376
85,14,60,504.57,6,0.40726248603079596
85,11,80,504.57,21,0.35964343841174834
85,40,60,504.57,12,0.37392915269746263
85,9,100,504.57,6,0.40726248603079596
85,5,40,504.57,3,0.4739291526974626
85,8,80,504.57,12,0.37392915269746263
85,42,50,504.57,30,0.3539291526974626
85,37,20,504.57,9,0.38504026380857376
85,18,70,504.57,6,0.40726248603079596
85,27,10,504.57,30,0.3539291526974626
86,16,40,299.5,12,0.2355024038281244
86,12,30,299.5,15,0.22883573716145775
86,5,10,299.5,3,0.3355024038281244
86,26,60,299.5,3,0.3355024038281244
86,3,100,299.5,21,0.22121668954241014
86,3,40,299.5,21,0.22121668954241014
86,36,40,299.5,15,0.22883573716145775
86,47,80,299.5,21,0.22121668954241014
86,35,80,299.5,18,0.2243912927170133
86,23,10,299.5,18,0.2243912927170133
86,49,90,299.5,21,0.22121668954241014
86,27,10,299.5,30,0.2155024038281244
86,47,10,299.5,21,0.22121668954241014
86,28,60,299.5,12,0.2355024038281244
86,27,80,299.5,30,0.2155024038281244
86,37,50,299.5,9,0.24661351493923553
86,34,60,299.5,24,0.21883573716145774
86,17,40,299.5,30,0.2155024038281244
86,49,30,299.5,21,0.22121668954241014
86,8,100,299.5,12,0.2355024038281244
87,11,20,498.36,21,0.3554515521754457
87,17,50,498.36,30,0.34973726646116
87,15,50,498.36,12,0.36973726646116
87,50,20,498.36,9,0.38084837757227114
87,41,80,498.36,18,0.3586261553500489
87,45,90,498.36,18,0.3586261553500489
87,13,100,498.36,30,0.34973726646116
87,27,10,498.36,30,0.34973726646116
87,39,80,498.36,30,0.34973726646116
87,46,10,498.36,15,0.36307059979449335
87,6,10,498.36,18,0.3586261553500489
87,42,70,498.36,30,0.34973726646116
87,34,20,498.36,24,0.35307059979449334
87,33,60,498.36,24,0.35307059979449334
87,2,20,498.36,27,0.3512187479426415
87,32,50,498.36,18,0.3586261553500489
87,35,10,498.36,18,0.3586261553500489
87,33,30,498.36,24,0.35307059979449334
87,15,70,498.36,12,0.36973726646116
87,40,60,498.36,12,0.36973726646116
88,28,100,372.78,12,0.28496801146037243
88,46,10,372.78,15,0.2783013447937058
88,19,10,372.78,21,0.27068229717465814
88,18,20,372.78,6,0.31830134479370575
88,45,40,372.78,18,0.2738569003492613
88,4,20,372.78,3,0.3849680114603724
88,35,60,372.78,18,0.2738569003492613
88,5,30,372.78,3,0.3849680114603724
88,47,90,372.78,21,0.27068229717465814
88,29,100,372.78,30,0.2649680114603724
88,43,60,372.78,3,0.3849680114603724
88,7,20,372.78,12,0.28496801146037243
88,34,70,372.78,24,0.26830134479370576
88,23,90,372.78,18,0.2738569003492613
88,11,40,372.78,21,0.27068229717465814
88,5,40,372.78,3,0.3849680114603724
88,43,70,372.78,3,0.3849680114603724
88,29,80,372.78,30,0.2649680114603724
88,38,70,372.78,9,0.29607912257148356
89,19,90,529.57,21,0.3765189868670732
89,32,40,529.57,18,0.37969359004167635
89,41,100,529.57,18,0.37969359004167635
89,1,90,529.57,9,0.4019158122638986
89,23,100,529.57,18,0.37969359004167635
89,36,90,529.57,15,0.3841380344861208
89,28,100,529.57,12,0.3908047011527875
89,14,40,529.57,6,0.4241380344861208
89,17,40,529.57,30,0.37080470115278746
89,44,90,529.57,21,0.3765189868670732
89,27,50,529.57,30,0.37080470115278746
89,25,80,529.57,15,0.3841380344861208
89,27,10,529.57,30,0.37080470115278746
89,37,80,529.57,9,0.4019158122638986
89,23,40,529.57,18,0.37969359004167635
89,11,50,529.57,21,0.3765189868670732
89,23,80,529.57,18,0.37969359004167635
89,20,30,529.57,3,0.4908047011527875
89,7,100,529.57,12,0.3908047011527875
89,43,40,529.57,3,0.4908047011527875
90,11,40,561.34,21,0.3979644338440999
90,26,50,561.34,3,0.5122501481298142
90,15,10,561.34,12,0.4122501481298142
90,4,50,561.34,3,0.5122501481298142
90,37,50,561.34,9,0.4233612592409253
90,43,90,561.34,3,0.5122501481298142
90,44,40,561.34,21,0.3979644338440999
90,41,20,561.34,18,0.40113903701870307
90,6,80,561.34,18,0.40113903701870307
90,28,20,561.34,12,0.4122501481298142
90,7,50,561.34,12,0.4122501481298142
90,26,100,561.34,3,0.5122501481298142
90,9,90,561.34,6,0.4455834814631475
90,5,70,561.34,3,0.5122501481298142
90,1,40,561.34,9,0.4233612592409253
90,17,70,561.34,30,0.3922501481298142
90,22,10,561.34,24,0.39558348146314753
90,50,60,561.34,9,0.4233612592409253
90,5,100,561.34,3,0.5122501481298142
90,48,90,561.34,9,0.4233612592409253
91,37,80,299.5,9,0.24661351493923553
91,36,90,299.5,15,0.22883573716145775
91,29,40,299.5,30,0.2155024038281244
91,1,60,299.5,9,0.24661351493923553
91,25,40,299.5,15,0.22883573716145775
91,28,10,299.5,12,0.2355024038281244
91,20,50,299.5,3,0.3355024038281244
91,5,50,299.5,3,0.3355024038281244
91,45,30,299.5,18,0.2243912927170133
91,16,40,299.5,12,0.2355024038281244
91,9,70,299.5,6,0.26883573716145776
91,28,30,299.5,12,0.2355024038281244
91,33,70,299.5,24,0.21883573716145774
91,6,100,299.5,18,0.2243912927170133
91,27,100,299.5,30,0.2155024038281244
91,39,30,299.5,30,0.2155024038281244
91,49,40,299.5,21,0.22121668954241014
91,14,20,299.5,6,0.26883573716145776
91,19,40,299.5,21,0.22121668954241014
91,39,80,299.5,30,0.2155024038281244
92,28,90,825.56,12,0.5906044446444508
92,12,20,825.56,15,0.5839377779777841
92,24,40,825.56,21,0.5763187303587366
92,9,70,825.56,6,0.6239377779777842
92,25,100,825.56,15,0.5839377779777841
92,36,50,825.56,15,0.5839377779777841
92,27,40,825.56,30,0.5706044446444508
92,15,40,825.56,12,0.5906044446444508
92,7,70,825.56,12,0.5906044446444508
92,17,20,825.56,30,0.5706044446444508
92,40,100,825.56,12,0.5906044446444508
92,36,40,825.56,15,0.5839377779777841
92,1,90,825.56,9,0.6017155557555619
92,24,20,825.56,21,0.5763187303587366
92,16,50,825.56,12,0.5906044446444508
92,12,10,825.56,15,0.5839377779777841
92,44,20,825.56,21,0.5763187303587366
92,36,100,825.56,15,0.5839377779777841
92,28,70,825.56,12,0.5906044446444508
92,17,40,825.56,30,0.5706044446444508
93,33,100,830.4,24,0.5772048841587352
93,11,30,830.4,21,0.5795858365396875
93,1,20,830.4,9,0.6049826619365128
93,49,30,830.4,21,0.5795858365396875
93,33,70,830.4,24,0.5772048841587352
93,1,90,830.4,9,0.6049826619365128
93,46,50,830.4,15,0.5872048841587351
93,17,90,830.4,30,0.5738715508254018
93,50,90,830.4,9,0.6049826619365128
93,3,30,830.4,21,0.5795858365396875
93,13,90,830.4,30,0.5738715508254018
93,31,60,830.4,24,0.5772048841587352
93,7,100,830.4,12,0.5938715508254018
93,35,50,830.4,18,0.5827604397142907
93,25,80,830.4,15,0.5872048841587351
93,49,20,830.4,21,0.5795858365396875
93,23,30,830.4,18,0.5827604397142907
93,18,100,830.4,6,0.6272048841587351
93,24,70,830.4,21,0.5795858365396875
93,2,10,830.4,27,0.5753530323068833
94,25,50,242.85,15,0.19059574436169174
94,31,10,242.85,24,0.18059574436169173
94,28,80,242.85,12,0.1972624110283584
94,25,10,242.85,15,0.19059574436169174
94,14,100,242.85,6,0.23059574436169172
94,27,70,242.85,30,0.1772624110283584
94,30,40,242.85,21,0.1829766967426441
94,4,50,242.85,3,0.2972624110283584
94,21,60,242.85,6,0.23059574436169172
94,48,10,242.85,9,0.20837352213946952
94,24,20,242.85,21,0.1829766967426441
94,7,100,242.85,12,0.1972624110283584
94,8,70,242.85,12,0.1972624110283584
94,13,40,242.85,30,0.1772624110283584
94,18,100,242.85,6,0.23059574436169172
94,33,90,242.85,24,0.18059574436169173
94,23,40,242.85,18,0.1861512999172473
94,21,100,242.85,6,0.23059574436169172
94,6,90,242.85,18,0.1861512999172473
95,31,10,582.19,24,0.40965768887488846
95,50,60,582.19,9,0.43743546665266625
95,39,100,582.19,30,0.4063243555415551
95,4,10,582.19,3,0.5263243555415551
95,5,60,582.19,3,0.5263243555415551
95,40,60,582.19,12,0.4263243555415551
95,14,60,582.19,6,0.45965768887488845
95,16,90,582.19,12,0.4263243555415551
95,4,30,582.19,3,0.5263243555415551
95,28,70,582.19,12,0.4263243555415551
95,41,30,582.19,18,0.415213244430444
95,14,40,582.19,6,0.45965768887488845
95,24,40,582.19,21,0.41203864125584083
95,31,30,582.19,24,0.40965768887488846
95,6,80,582.19,18,0.415213244430444
95,33,90,582.19,24,0.40965768887488846
95,19,10,582.19,21,0.41203864125584083
95,27,80,582.19,30,0.4063243555415551
95,37,80,582.19,9,0.43743546665266625
95,27,100,582.19,30,0.4063243555415551
96,43,70,433.31,3,0.4258270893804048
96,4,30,433.31,3,0.4258270893804048
96,37,80,433.31,9,0.33693820049151596
96,16,20,433.31,12,0.32582708938040483
96,42,30,433.31,30,0.3058270893804048
96,45,100,433.31,18,0.3147159782692937
96,50,70,433.31,9,0.33693820049151596
96,30,90,433.31,21,0.31154137509469054
96,46,40,433.31,15,0.3191604227137382
96,28,10,433.31,12,0.32582708938040483
96,5,80,433.31,3,0.4258270893804048
96,24,60,433.31,21,0.31154137509469054
96,36,20,433.31,15,0.3191604227137382
96,48,70,433.31,9,0.33693820049151596
96,2,60,433.31,27,0.30730857086188634
96,37,20,433.31,9,0.33693820049151596
96,45,90,433.31,18,0.3147159782692937
96,32,70,433.31,18,0.3147159782692937
96,41,10,433.31,18,0.3147159782692937
96,7,80,433.31,12,0.32582708938040483
97,12,90,504.57,15,0.367262486030796
97,38,20,504.57,9,0.38504026380857376
97,25,60,504.57,15,0.367262486030796
97,37,90,504.57,9,0.38504026380857376
97,24,10,504.57,21,0.35964343841174834
97,10,50,504.57,15,0.367262486030796
97,6,20,504.57,18,0.3628180415863515
97,31,70,504.57,24,0.35726248603079597
97,12,50,504.57,15,0.367262486030796
97,25,80,504.57,15,0.367262486030796
97,2,40,504.57,27,0.35541063417894414
97,38,40,504.57,9,0.38504026380857376
97,9,90,504.57,6,0.40726248603079596
97,44,30,504.57,21,0.35964343841174834
97,31,30,504.57,24,0.35726248603079597
97,45,40,504.57,18,0.3628180415863515
97,13,70,504.57,30,0.3539291526974626
97,22,70,504.57,24,0.35726248603079597
97,12,60,504.57,15,0.367262486030796
97,7,90,504.57,12,0.37392915269746263
99,44,70,82.21,21,0.0745411725881091
99,10,70,82.21,15,0.08216022020715673
99,11,50,82.21,21,0.0745411725881091
99,34,90,82.21,24,0.07216022020715673
99,49,40,82.21,21,0.0745411725881091
99,16,30,82.21,12,0.0888268868738234
99,24,50,82.21,21,0.0745411725881091
99,12,20,82.21,15,0.08216022020715673
99,33,60,82.21,24,0.07216022020715673
99,23,10,82.21,18,0.07771577576271228
99,6,60,82.21,18,0.07771577576271228
99,29,70,82.21,30,0.06882688687382339
99,41,70,82.21,18,0.07771577576271228
99,31,50,82.21,24,0.07216022020715673
99,35,70,82.21,18,0.07771577576271228
99,46,90,82.21,15,0.08216022020715673
99,17,80,82.21,30,0.06882688687382339
99,15,90,82.21,12,0.0888268868738234
99,10,50,82.21,15,0.08216022020715673
99,17,90,82.21,30,0.06882688687382339
100,32,60,132.08,18,0.11137911982139422
100,44,90,132.08,21,0.10820451664679104
100,25,80,132.08,15,0.11582356426583866
100,24,100,132.08,21,0.10820451664679104
100,35,70,132.08,18,0.11137911982139422
100,39,70,132.08,30,0.10249023093250532
100,2,80,132.08,27,0.10397171241398681
100,6,60,132.08,18,0.11137911982139422
100,46,10,132.08,15,0.11582356426583866
100,41,80,132.08,18,0.11137911982139422
100,13,10,132.08,30,0.10249023093250532
100,1,30,132.08,9,0.13360134204361643
100,9,80,132.08,6,0.15582356426583865
100,16,10,132.08,12,0.12249023093250533
100,47,100,132.08,21,0.10820451664679104
100,8,30,132.08,12,0.12249023093250533
100,16,50,132.08,12,0.12249023093250533
100,9,30,132.08,6,0.15582356426583865
100,17,60,132.08,30,0.10249023093250532
100,47,80,132.08,21,0.10820451664679104
